ASIN,Date,Selling Price,Last Known Selling Price,BSR,Last Known BSR,Estimated Sales,Availability
B07GRSCBLM,28/03/2023,3999,,718,,0,1
B07GRSCBLM,29/03/2023,3999,3999,842,718,0,1
B07GRSCBLM,30/03/2023,3999,3999,913,842,0,1
B08KGVWZCC,28/03/2023,2499,,,,0,1
B08KGVWZCC,29/03/2023,2499,2499,,,0,1
B08KGVWZCC,30/03/2023,2499,2499,,,0,1
B08FB8JPV2,28/03/2023,3499,,183,,0,1
B08FB8JPV2,29/03/2023,3499,3499,368,183,0,1
B08FB8JPV2,30/03/2023,3499,3499,424,368,0,1
B08WK7D26P,28/03/2023,3999,,626,,0,1
B08WK7D26P,29/03/2023,3999,3999,775,626,0,1
B08WK7D26P,30/03/2023,3999,3999,810,775,0,1
B09PRKPL27,28/03/2023,2999,,428,,0,1
B09PRKPL27,29/03/2023,2999,2999,576,428,0,1
B09PRKPL27,30/03/2023,2999,2999,630,576,0,1
B08QFF63GZ,28/03/2023,4499,,543,,0,1
B08QFF63GZ,29/03/2023,4499,4499,689,543,0,1
B08QFF63GZ,30/03/2023,4499,4499,344,689,0,1
B0BMB47BVG,28/03/2023,5999,,380,,0,1
B0BMB47BVG,29/03/2023,5999,5999,604,380,0,1
B0BMB47BVG,30/03/2023,5999,5999,656,604,0,1
B08KGS4SCS,28/03/2023,2999,,,,0,1
B08KGS4SCS,29/03/2023,2999,2999,,,0,1
B08KGS4SCS,30/03/2023,2999,2999,,,0,1
B08SBV7VCP,28/03/2023,2999,,793,,0,1
B08SBV7VCP,29/03/2023,2999,2999,890,793,0,1
B08SBV7VCP,30/03/2023,2999,2999,903,890,0,1
B09FK5ZDYK,28/03/2023,3999,,,,0,1
B09FK5ZDYK,29/03/2023,3999,3999,,,0,1
B09FK5ZDYK,30/03/2023,3999,3999,,,0,1
B09FK6LP2F,28/03/2023,3499,,169,,0,1
B09FK6LP2F,29/03/2023,3499,3499,181,169,0,1
B09FK6LP2F,30/03/2023,3499,3499,250,181,0,1
B0BMB6KPKC,28/03/2023,5999,,886,,0,1
B0BMB6KPKC,29/03/2023,5999,5999,486,886,0,1
B0BMB6KPKC,30/03/2023,5999,5999,609,486,0,1
B08KGH3QGL,28/03/2023,2499,,,,0,1
B08KGH3QGL,29/03/2023,2499,2499,,,0,1
B08KGH3QGL,30/03/2023,2499,2499,,,0,1
B08F8J6XPM,28/03/2023,2999,,117,,0,1
B08F8J6XPM,29/03/2023,2999,2999,114,117,0,1
B08F8J6XPM,30/03/2023,2999,2999,67,114,0,1
B017D4SI3G,28/03/2023,2999,,,,0,1
B017D4SI3G,29/03/2023,2999,2999,,,0,1
B017D4SI3G,30/03/2023,2999,2999,,,0,1
B0BSGNFC3N,28/03/2023,3999,,460,,0,1
B0BSGNFC3N,29/03/2023,3999,3999,736,460,0,1
B0BSGNFC3N,30/03/2023,3999,3999,839,736,0,1
B08WK648KQ,28/03/2023,3999,,646,,0,1
B08WK648KQ,29/03/2023,3999,3999,787,646,0,1
B08WK648KQ,30/03/2023,3999,3999,866,787,0,1
B08KGSSDQX,28/03/2023,2999,,,,0,1
B08KGSSDQX,29/03/2023,2999,2999,,,0,1
B08KGSSDQX,30/03/2023,2999,2999,,,0,1
B0BSGN3VQ8,28/03/2023,5999,,624,,0,1
B0BSGN3VQ8,29/03/2023,5999,5999,831,624,0,1
B0BSGN3VQ8,30/03/2023,5999,5999,911,831,0,1
B08FHC96KW,28/03/2023,2849,,1002,,0,1
B08FHC96KW,29/03/2023,2909,2849,1059,1002,0,1
B08FHC96KW,30/03/2023,2909,2909,1085,1059,0,1
B07D5XMJS2,28/03/2023,1999,,511,,0,1
B07D5XMJS2,29/03/2023,1999,1999,615,511,0,1
B07D5XMJS2,30/03/2023,1999,1999,636,615,0,1
B0BQCBKPX2,28/03/2023,2999,,846,,0,1
B0BQCBKPX2,29/03/2023,2999,2999,249,846,0,1
B0BQCBKPX2,30/03/2023,2999,2999,386,249,0,1
B09FK6BK86,28/03/2023,2999,,,,0,1
B09FK6BK86,29/03/2023,2999,2999,,,0,1
B09FK6BK86,30/03/2023,2999,2999,,,0,1
B01GOE6TAA,28/03/2023,1999,,98,,0,1
B01GOE6TAA,29/03/2023,1999,1999,160,98,0,1
B01GOE6TAA,30/03/2023,1999,1999,227,160,0,1
B0B2DYSK5R,28/03/2023,2499,,494,,0,1
B0B2DYSK5R,29/03/2023,2499,2499,693,494,0,1
B0B2DYSK5R,30/03/2023,2499,2499,739,693,0,1
B0BQN22K6Q,28/03/2023,3999,,,,0,1
B0BQN22K6Q,29/03/2023,3999,3999,,,0,1
B0BQN22K6Q,30/03/2023,3999,3999,,,0,1
B092DQVD65,28/03/2023,2499,,579,,0,1
B092DQVD65,29/03/2023,2499,2499,745,579,0,1
B092DQVD65,30/03/2023,2499,2499,790,745,0,1
B0BQCB5T48,28/03/2023,2999,,801,,0,1
B0BQCB5T48,29/03/2023,2999,2999,988,801,0,1
B0BQCB5T48,30/03/2023,2999,2999,1063,988,0,1
B08F8Z5G4R,28/03/2023,5999,,393,,0,1
B08F8Z5G4R,29/03/2023,5999,5999,589,393,0,1
B08F8Z5G4R,30/03/2023,5999,5999,330,589,0,1
B07Z3FTXS4,28/03/2023,3999,,2387,,0,1
B07Z3FTXS4,29/03/2023,3999,3999,2400,2387,0,1
B07Z3FTXS4,30/03/2023,3999,3999,2398,2400,0,1
B08QFD82QJ,28/03/2023,3999,,652,,0,1
B08QFD82QJ,29/03/2023,3999,3999,199,652,0,1
B08QFD82QJ,30/03/2023,3999,3999,319,199,0,1
B09FK68VSB,28/03/2023,2999,,596,,0,1
B09FK68VSB,29/03/2023,2999,2999,737,596,0,1
B09FK68VSB,30/03/2023,2999,2999,780,737,0,1
B082X7BHD9,28/03/2023,7999,,592,,0,1
B082X7BHD9,29/03/2023,7999,7999,747,592,0,1
B082X7BHD9,30/03/2023,7999,7999,827,747,0,1
B07GRSJ9Y9,28/03/2023,3999,,1881,,0,1
B07GRSJ9Y9,29/03/2023,3999,3999,1929,1881,0,1
B07GRSJ9Y9,30/03/2023,3999,3999,1935,1929,0,1
B09TPRBRBS,28/03/2023,4999,,526,,0,1
B09TPRBRBS,29/03/2023,4999,4999,655,526,0,1
B09TPRBRBS,30/03/2023,4999,4999,726,655,0,1
B07GS8Y8BD,28/03/2023,3999,,1020,,0,1
B07GS8Y8BD,29/03/2023,3999,3999,1068,1020,0,1
B07GS8Y8BD,30/03/2023,3999,3999,1077,1068,0,1
B07TWFD4YL,28/03/2023,2999,,249,,0,1
B07TWFD4YL,29/03/2023,2999,2999,275,249,0,1
B07TWFD4YL,30/03/2023,2999,2999,371,275,0,1
B0BM9SX1W1,28/03/2023,3999,,798,,0,1
B0BM9SX1W1,29/03/2023,3999,3999,984,798,0,1
B0BM9SX1W1,30/03/2023,3999,3999,1057,984,0,1
B0BH96YJ13,28/03/2023,4999,,658,,0,1
B0BH96YJ13,29/03/2023,4999,4999,867,658,0,1
B0BH96YJ13,30/03/2023,4999,4999,949,867,0,1
B07C3R7RTM,28/03/2023,3999,,4038,,0,1
B07C3R7RTM,29/03/2023,3999,3999,4041,4038,0,1
B07C3R7RTM,30/03/2023,3999,3999,4041,4041,0,1
B07FF7QFRM,28/03/2023,2499,,480,,0,1
B07FF7QFRM,29/03/2023,2499,2499,567,480,0,1
B07FF7QFRM,30/03/2023,2499,2499,189,567,0,1
B0BH94QFSQ,28/03/2023,3999,,681,,0,1
B0BH94QFSQ,29/03/2023,3999,3999,930,681,0,1
B0BH94QFSQ,30/03/2023,3999,3999,988,930,0,1
B0BQC8NYFL,28/03/2023,5999,,666,,0,1
B0BQC8NYFL,29/03/2023,5999,5999,821,666,0,1
B0BQC8NYFL,30/03/2023,5999,5999,886,821,0,1
B0B2DY2BFB,28/03/2023,2499,,143,,0,1
B0B2DY2BFB,29/03/2023,2499,2499,446,143,0,1
B0B2DY2BFB,30/03/2023,2499,2499,514,446,0,1
B0BMB2B8YJ,28/03/2023,5999,,427,,0,1
B0BMB2B8YJ,29/03/2023,5999,5999,604,427,0,1
B0BMB2B8YJ,30/03/2023,5999,5999,656,604,0,1
B07TT9YPNK,28/03/2023,2999,,249,,0,1
B07TT9YPNK,29/03/2023,2999,2999,302,249,0,1
B07TT9YPNK,30/03/2023,2999,2999,371,302,0,1
B09FK6WWK9,28/03/2023,3499,,123,,0,1
B09FK6WWK9,29/03/2023,3499,3499,181,123,0,1
B09FK6WWK9,30/03/2023,3499,3499,250,181,0,1
B08F8J6KGH,28/03/2023,5999,,393,,0,1
B08F8J6KGH,29/03/2023,5999,5999,589,393,0,1
B08F8J6KGH,30/03/2023,5999,5999,330,589,0,1
B092DRCMZX,28/03/2023,2499,,785,,0,1
B092DRCMZX,29/03/2023,2499,2499,1068,785,0,1
B092DRCMZX,30/03/2023,2499,2499,1167,1068,0,1
B0BSGQ6SS1,28/03/2023,2999,,163,,0,1
B0BSGQ6SS1,29/03/2023,2999,2999,425,163,0,1
B0BSGQ6SS1,30/03/2023,2999,2999,521,425,0,1
B08FHC821L,28/03/2023,3999,,653,,0,1
B08FHC821L,29/03/2023,3999,3999,814,653,0,1
B08FHC821L,30/03/2023,3999,3999,346,814,0,1
B017D4SIMM,28/03/2023,2999,,,,0,1
B017D4SIMM,29/03/2023,2999,2999,,,0,1
B017D4SIMM,30/03/2023,2999,2999,,,0,1
B07DW85TC5,28/03/2023,2999,,280,,0,1
B07DW85TC5,29/03/2023,2999,2999,477,280,0,1
B07DW85TC5,30/03/2023,2999,2999,152,477,0,1
B08W4DK8ZC,28/03/2023,3499,,544,,0,1
B08W4DK8ZC,29/03/2023,3499,3499,767,544,0,1
B08W4DK8ZC,30/03/2023,3499,3499,826,767,0,1
B08F8Q9VX1,28/03/2023,5999,,720,,0,1
B08F8Q9VX1,29/03/2023,5999,5999,899,720,0,1
B08F8Q9VX1,30/03/2023,5999,5999,967,899,0,1
B08WK5NLVC,28/03/2023,2999,,777,,0,1
B08WK5NLVC,29/03/2023,2999,2999,986,777,0,1
B08WK5NLVC,30/03/2023,2999,2999,1054,986,0,1
B017D4H1NO,28/03/2023,2499,,704,,0,1
B017D4H1NO,29/03/2023,2499,2499,817,704,0,1
B017D4H1NO,30/03/2023,2499,2499,265,817,0,1
B082X7VMHB,28/03/2023,3999,,561,,0,1
B082X7VMHB,29/03/2023,3999,3999,778,561,0,1
B082X7VMHB,30/03/2023,3999,3999,840,778,0,1
B08T25GLKS,28/03/2023,2499,,503,,0,1
B08T25GLKS,29/03/2023,2499,2499,423,503,0,1
B08T25GLKS,30/03/2023,2499,2499,471,423,0,1
B09FK64MSP,28/03/2023,2999,,,,0,1
B09FK64MSP,29/03/2023,2999,2999,,,0,1
B09FK64MSP,30/03/2023,2999,2999,,,0,1
B07QHJNZCN,28/03/2023,3499,,639,,0,1
B07QHJNZCN,29/03/2023,3499,3499,827,639,0,1
B07QHJNZCN,30/03/2023,3499,3499,900,827,0,1
B0BM9WHJCL,28/03/2023,2499,,557,,0,1
B0BM9WHJCL,29/03/2023,2499,2499,780,557,0,1
B0BM9WHJCL,30/03/2023,2499,2499,846,780,0,1
B07JKMJMPH,28/03/2023,3499,,536,,0,1
B07JKMJMPH,29/03/2023,3499,3499,669,536,0,1
B07JKMJMPH,30/03/2023,3499,3499,706,669,0,1
B07XZKBN1J,28/03/2023,3370,,638,,0,1
B07XZKBN1J,29/03/2023,3370,3370,754,638,0,1
B07XZKBN1J,30/03/2023,3370,3370,794,754,0,1
B0BSC7HW1Y,28/03/2023,1898,,1732,,0,1
B0BSC7HW1Y,29/03/2023,1898,1898,1831,1732,0,1
B0BSC7HW1Y,30/03/2023,1898,1898,1878,1831,0,1
B07WGBGWDJ,28/03/2023,999,,510,,0,1
B07WGBGWDJ,29/03/2023,999,999,711,510,0,1
B07WGBGWDJ,30/03/2023,999,999,759,711,0,1
B07YFRDJYW,28/03/2023,1199,,501,,0,1
B07YFRDJYW,29/03/2023,1199,1199,397,501,0,1
B07YFRDJYW,30/03/2023,1199,1199,476,397,0,1
B07XZMV4YH,28/03/2023,2997,,287,,0,1
B07XZMV4YH,29/03/2023,2997,2997,144,287,0,1
B07XZMV4YH,30/03/2023,2997,2997,260,144,0,1
B07CPRWWNZ,28/03/2023,1709,,240,,0,1
B07CPRWWNZ,29/03/2023,1709,1709,466,240,0,1
B07CPRWWNZ,30/03/2023,1709,1709,498,466,0,1
B07XZM7BM3,28/03/2023,3749,,,,0,1
B07XZM7BM3,29/03/2023,3749,3749,,,0,1
B07XZM7BM3,30/03/2023,3749,3749,,,0,1
B07S3WXFGY,28/03/2023,3647,,1094,,0,1
B07S3WXFGY,29/03/2023,3647,3647,1159,1094,0,1
B07S3WXFGY,30/03/2023,3647,3647,1169,1159,0,1
B07XZLXVHT,28/03/2023,3297,,1777,,0,1
B07XZLXVHT,29/03/2023,3297,3297,1888,1777,0,1
B07XZLXVHT,30/03/2023,3297,3297,1917,1888,0,1
B0BSC6TYSJ,28/03/2023,2398,,1116,,0,1
B0BSC6TYSJ,29/03/2023,2398,2398,1240,1116,0,1
B0BSC6TYSJ,30/03/2023,2398,2398,231,1240,0,1
B07NH1H512,28/03/2023,2147,,260,,0,1
B07NH1H512,29/03/2023,2147,2147,412,260,0,1
B07NH1H512,30/03/2023,2147,2147,414,412,0,1
B07CQNKC9Q,28/03/2023,699,,322,,0,1
B07CQNKC9Q,29/03/2023,699,699,53,322,0,1
B07CQNKC9Q,30/03/2023,699,699,80,53,0,1
B07S4L19V2,28/03/2023,3059,,670,,0,1
B07S4L19V2,29/03/2023,3047,3059,159,670,0,1
B07S4L19V2,30/03/2023,3047,3047,165,159,0,1
B088P39SVZ,28/03/2023,1499,,87,,0,1
B088P39SVZ,29/03/2023,1499,1499,125,87,0,1
B088P39SVZ,30/03/2023,1499,1499,59,125,0,1
B098JNXL8V,28/03/2023,1610,,590,,0,1
B098JNXL8V,29/03/2023,1610,1610,392,590,0,1
B098JNXL8V,30/03/2023,1598,1610,448,392,0,1
B07XZMMKX2,28/03/2023,3297,,1510,,0,1
B07XZMMKX2,29/03/2023,3297,3297,1658,1510,0,1
B07XZMMKX2,30/03/2023,3297,3297,1711,1658,0,1
B07283VW4V,28/03/2023,999,,162,,0,1
B07283VW4V,29/03/2023,999,999,230,162,0,1
B07283VW4V,30/03/2023,999,999,298,230,0,1
B07S1PF98J,28/03/2023,1299,,147,,0,1
B07S1PF98J,29/03/2023,1299,1299,301,147,0,1
B07S1PF98J,30/03/2023,1299,1299,159,301,0,1
B07XZMZ5DN,28/03/2023,3297,,1519,,0,1
B07XZMZ5DN,29/03/2023,3297,3297,1654,1519,0,1
B07XZMZ5DN,30/03/2023,3297,3297,1731,1654,0,1
B08FBG59K1,28/03/2023,1659,,551,,0,1
B08FBG59K1,29/03/2023,1659,1659,752,551,0,1
B08FBG59K1,30/03/2023,1659,1659,819,752,0,1
B0BSC6ZRF9,28/03/2023,1298,,906,,0,1
B0BSC6ZRF9,29/03/2023,1298,1298,1085,906,0,1
B0BSC6ZRF9,30/03/2023,1298,1298,1141,1085,0,1
B071VLSQJH,28/03/2023,999,,29,,0,1
B071VLSQJH,29/03/2023,999,999,46,29,0,1
B071VLSQJH,30/03/2023,999,999,37,46,0,1
B07D8TRBKG,28/03/2023,1499,,165,,0,1
B07D8TRBKG,29/03/2023,1499,1499,203,165,0,1
B07D8TRBKG,30/03/2023,1499,1499,201,203,0,1
B0BSC82C47,28/03/2023,1248,,1399,,0,1
B0BSC82C47,29/03/2023,1248,1248,1590,1399,0,1
B0BSC82C47,30/03/2023,1248,1248,1646,1590,0,1
B0BSC8198V,28/03/2023,1648,,930,,0,1
B0BSC8198V,29/03/2023,1648,1648,1112,930,0,1
B0BSC8198V,30/03/2023,1648,1648,1191,1112,0,1
B0711KX7VX,28/03/2023,999,,730,,0,1
B0711KX7VX,29/03/2023,999,999,889,730,0,1
B0711KX7VX,30/03/2023,999,999,934,889,0,1
B07CQMGGHN,28/03/2023,1799,,61,,0,1
B07CQMGGHN,29/03/2023,1799,1799,79,61,0,1
B07CQMGGHN,30/03/2023,1799,1799,66,79,0,1
B093DQMP4Z,28/03/2023,1234,,310,,0,1
B093DQMP4Z,29/03/2023,1234,1234,106,310,0,1
B093DQMP4Z,30/03/2023,1234,1234,170,106,0,1
B098K6QL9V,28/03/2023,1948,,635,,0,1
B098K6QL9V,29/03/2023,1948,1948,232,635,0,1
B098K6QL9V,30/03/2023,1948,1948,361,232,0,1
B07XZNC9RQ,28/03/2023,2897,,903,,0,1
B07XZNC9RQ,29/03/2023,2897,2897,955,903,0,1
B07XZNC9RQ,30/03/2023,2897,2897,157,955,0,1
B093DR36FX,28/03/2023,1289,,767,,0,1
B093DR36FX,29/03/2023,1289,1289,946,767,0,1
B093DR36FX,30/03/2023,1289,1289,1004,946,0,1
B0BSC5VQ42,28/03/2023,3117,,894,,0,1
B0BSC5VQ42,29/03/2023,3117,3117,1077,894,0,1
B0BSC5VQ42,30/03/2023,3117,3117,1133,1077,0,1
B07YFQBP1C,28/03/2023,3247,,1596,,0,1
B07YFQBP1C,29/03/2023,3247,3247,1688,1596,0,1
B07YFQBP1C,30/03/2023,3247,3247,1707,1688,0,1
B07YFPV7VY,28/03/2023,1999,,1024,,0,1
B07YFPV7VY,29/03/2023,1999,1999,1064,1024,0,1
B07YFPV7VY,30/03/2023,1999,1999,1068,1064,0,1
B0BQMYVVW5,28/03/2023,899,,766,,0,1
B0BQMYVVW5,29/03/2023,899,899,950,766,0,1
B0BQMYVVW5,30/03/2023,899,899,1007,950,0,1
B0BQMW463Y,28/03/2023,1399,,751,,0,1
B0BQMW463Y,29/03/2023,1399,1399,924,751,0,1
B0BQMW463Y,30/03/2023,1399,1399,242,924,0,1
B08DM3B8ZG,28/03/2023,1671,,377,,0,1
B08DM3B8ZG,29/03/2023,1671,1671,638,377,0,1
B08DM3B8ZG,30/03/2023,1671,1671,707,638,0,1
B07D8VCB1Q,28/03/2023,1699,,196,,0,1
B07D8VCB1Q,29/03/2023,1699,1699,184,196,0,1
B07D8VCB1Q,30/03/2023,1699,1699,72,184,0,1
B08DM3CNLJ,28/03/2023,989,,93,,0,1
B08DM3CNLJ,29/03/2023,989,989,53,93,0,1
B08DM3CNLJ,30/03/2023,989,989,135,53,0,1
B094NGQ74M,28/03/2023,3097,,190,,0,1
B094NGQ74M,29/03/2023,3097,3097,125,190,0,1
B094NGQ74M,30/03/2023,3097,3097,125,125,0,1
B07R4MMPBL,28/03/2023,999,,595,,0,1
B07R4MMPBL,29/03/2023,999,999,723,595,0,1
B07R4MMPBL,30/03/2023,999,999,750,723,0,1
B07CRNTSDF,28/03/2023,2959,,430,,0,1
B07CRNTSDF,29/03/2023,2959,2959,663,430,0,1
B07CRNTSDF,30/03/2023,2959,2959,740,663,0,1
B07284216C,28/03/2023,779,,39,,0,1
B07284216C,29/03/2023,779,779,41,39,0,1
B07284216C,30/03/2023,779,779,37,41,0,1
B07CPWCHMY,28/03/2023,1599,,331,,0,1
B07CPWCHMY,29/03/2023,1599,1599,559,331,0,1
B07CPWCHMY,30/03/2023,1599,1599,621,559,0,1
B07J57BW5K,28/03/2023,990,,211,,0,1
B07J57BW5K,29/03/2023,990,990,301,211,0,1
B07J57BW5K,30/03/2023,990,990,159,301,0,1
B07CQN3232,28/03/2023,1349,,58,,0,1
B07CQN3232,29/03/2023,1349,1349,163,58,0,1
B07CQN3232,30/03/2023,1349,1349,89,163,0,1
B07CPZ9ZKQ,28/03/2023,1799,,268,,0,1
B07CPZ9ZKQ,29/03/2023,1799,1799,559,268,0,1
B07CPZ9ZKQ,30/03/2023,1799,1799,621,559,0,1
B0BSC72R18,28/03/2023,899,,1222,,0,1
B0BSC72R18,29/03/2023,899,899,1448,1222,0,1
B0BSC72R18,30/03/2023,899,899,1511,1448,0,1
B07D74QSW6,28/03/2023,2999,,430,,0,1
B07D74QSW6,29/03/2023,2999,2999,686,430,0,1
B07D74QSW6,30/03/2023,2999,2999,740,686,0,1
B07CQLRRNW,28/03/2023,699,,143,,0,1
B07CQLRRNW,29/03/2023,699,699,99,143,0,1
B07CQLRRNW,30/03/2023,699,699,80,99,0,1
B07NGM6H61,28/03/2023,2159,,260,,0,1
B07NGM6H61,29/03/2023,2159,2159,412,260,0,1
B07NGM6H61,30/03/2023,2147,2159,414,412,0,1
B07D8RQ86X,28/03/2023,1499,,107,,0,1
B07D8RQ86X,29/03/2023,1499,1499,241,107,0,1
B07D8RQ86X,30/03/2023,1499,1499,201,241,0,1
B07S2SG33C,28/03/2023,2647,,1219,,0,1
B07S2SG33C,29/03/2023,2647,2647,1269,1219,0,1
B07S2SG33C,30/03/2023,2647,2647,1270,1269,0,1
B07S3WZ18H,28/03/2023,1631,,653,,0,1
B07S3WZ18H,29/03/2023,1631,1631,316,653,0,1
B07S3WZ18H,30/03/2023,1631,1631,215,316,0,1
B0BQMSHN14,28/03/2023,1399,,751,,0,1
B0BQMSHN14,29/03/2023,1399,1399,924,751,0,1
B0BQMSHN14,30/03/2023,1399,1399,242,924,0,1
B07J57CC9X,28/03/2023,1234,,147,,0,1
B07J57CC9X,29/03/2023,1234,1234,301,147,0,1
B07J57CC9X,30/03/2023,1234,1234,159,301,0,1
B071S151G6,28/03/2023,1199,,303,,0,1
B071S151G6,29/03/2023,1199,1199,138,303,0,1
B071S151G6,30/03/2023,1199,1199,167,138,0,1
B0BQMW5YHR,28/03/2023,1699,,447,,0,1
B0BQMW5YHR,29/03/2023,1699,1699,586,447,0,1
B0BQMW5YHR,30/03/2023,1699,1699,670,586,0,1
B07R891636,28/03/2023,1599,,2575,,0,1
B07R891636,29/03/2023,1599,1599,2639,2575,0,1
B07R891636,30/03/2023,1599,1599,2670,2639,0,1
B0845BSTF8,28/03/2023,2495,,6251,,0,1
B0845BSTF8,29/03/2023,2495,2495,6251,6251,0,1
B0845BSTF8,30/03/2023,2495,2495,6266,6251,0,1
B0845B9QB1,28/03/2023,2495,,5041,,0,1
B0845B9QB1,29/03/2023,2495,2495,5043,5041,0,1
B0845B9QB1,30/03/2023,2495,2495,5052,5043,0,1
B07LFG1DSG,28/03/2023,919,,1601,,0,1
B07LFG1DSG,29/03/2023,919,919,1634,1601,0,1
B07LFG1DSG,30/03/2023,919,919,1629,1634,0,1
B0845BB76W,28/03/2023,2795,,3188,,0,1
B0845BB76W,29/03/2023,2795,2795,3186,3188,0,1
B0845BB76W,30/03/2023,2795,2795,3183,3186,0,1
B07R53PKY6,28/03/2023,919,,3216,,0,1
B07R53PKY6,29/03/2023,919,919,3222,3216,0,1
B07R53PKY6,30/03/2023,919,919,3216,3222,0,1
B0845BJ9XY,28/03/2023,2995,,2548,,0,1
B0845BJ9XY,29/03/2023,2995,2995,2564,2548,0,1
B0845BJ9XY,30/03/2023,2995,2995,2564,2564,0,1
B07R435Y9M,28/03/2023,1519,,3259,,0,1
B07R435Y9M,29/03/2023,1519,1519,3274,3259,0,1
B07R435Y9M,30/03/2023,1519,1519,3270,3274,0,1
B0BLZH6635,28/03/2023,1999,,,,0,1
B0BLZH6635,29/03/2023,1999,1999,,,0,1
B0BLZH6635,30/03/2023,1999,1999,,,0,1
B08WK6KNW9,28/03/2023,1999,,1416,,0,1
B08WK6KNW9,29/03/2023,1999,1999,702,1416,0,1
B08WK6KNW9,30/03/2023,1999,1999,826,702,0,1
B08LMNQY2W,28/03/2023,1049,,491,,0,1
B08LMNQY2W,29/03/2023,1049,1049,338,491,0,1
B08LMNQY2W,30/03/2023,1049,1049,305,338,0,1
B08LN1JYXL,28/03/2023,1049,,118,,0,1
B08LN1JYXL,29/03/2023,1049,1049,91,118,0,1
B08LN1JYXL,30/03/2023,1049,1049,138,91,0,1
B08WK7VP7S,28/03/2023,2999,,616,,0,1
B08WK7VP7S,29/03/2023,2999,2999,760,616,0,1
B08WK7VP7S,30/03/2023,2999,2999,840,760,0,1
B08LMCVHDN,28/03/2023,1449,,444,,0,1
B08LMCVHDN,29/03/2023,1454,1449,777,444,0,1
B08LMCVHDN,30/03/2023,1454,1454,870,777,0,1
B08LMGYXFY,28/03/2023,1049,,1103,,0,1
B08LMGYXFY,30/03/2023,1049,1049,1306,1103,0,0
B09FK5F7NH,28/03/2023,1599,,872,,0,1
B09FK5F7NH,29/03/2023,1599,1599,1080,872,0,1
B09FK5F7NH,30/03/2023,1599,1599,1126,1080,0,1
B08LMJD6S1,28/03/2023,1049,,878,,0,1
B08LMJD6S1,29/03/2023,1049,1049,1076,878,0,1
B08LMJD6S1,30/03/2023,1049,1049,1115,1076,0,1
B08LVF563Z,28/03/2023,1049,,651,,0,1
B08LVF563Z,29/03/2023,1049,1049,982,651,0,1
B08LVF563Z,30/03/2023,1049,1049,1078,982,0,1
B08KGNB9YQ,28/03/2023,1999,,394,,0,1
B08KGNB9YQ,29/03/2023,1999,1999,683,394,0,1
B08KGNB9YQ,30/03/2023,1999,1999,812,683,0,1
B08LMT81TS,28/03/2023,1499,,338,,0,1
B08LMT81TS,29/03/2023,1499,1499,493,338,0,1
B08LMT81TS,30/03/2023,1499,1499,590,493,0,1
B09PRMGKDN,28/03/2023,2499,,306,,0,1
B09PRMGKDN,29/03/2023,2499,2499,456,306,0,1
B09PRMGKDN,30/03/2023,2499,2499,549,456,0,1
B08LVDYBMS,28/03/2023,1049,,198,,0,1
B08LVDYBMS,29/03/2023,1049,1049,347,198,0,1
B08LVDYBMS,30/03/2023,1049,1049,242,347,0,1
B08QFCGQZP,28/03/2023,1999,,1322,,0,1
B08QFCGQZP,29/03/2023,1999,1999,1596,1322,0,1
B08QFCGQZP,30/03/2023,1999,1999,1687,1596,0,1
B08W4DF3FX,28/03/2023,7359,,2077,,0,1
B08W4DF3FX,29/03/2023,7359,7359,2119,2077,0,1
B08W4DF3FX,30/03/2023,7359,7359,2112,2119,0,1
B08LMPVK68,28/03/2023,1049,,370,,0,1
B08LMPVK68,29/03/2023,1049,1049,772,370,0,1
B08LMPVK68,30/03/2023,1049,1049,878,772,0,1
B0BM47RZMK,28/03/2023,1999,,1117,,0,1
B0BM47RZMK,29/03/2023,1999,1999,1329,1117,0,1
B0BM47RZMK,30/03/2023,1999,1999,428,1329,0,1
B08LN3MBSM,28/03/2023,1049,,118,,0,1
B08LN3MBSM,29/03/2023,1049,1049,86,118,0,1
B08LN3MBSM,30/03/2023,1049,1049,164,86,0,1
B08LVBS5LY,28/03/2023,1049,,428,,0,1
B08LVBS5LY,29/03/2023,1049,1049,455,428,0,1
B08LVBS5LY,30/03/2023,1049,1049,251,455,0,1
B0BLZJ2FZW,28/03/2023,1999,,1119,,0,1
B0BLZJ2FZW,29/03/2023,1999,1999,1377,1119,0,1
B0BLZJ2FZW,30/03/2023,1999,1999,1464,1377,0,1
B0B4GD8WF5,28/03/2023,1699,,301,,0,1
B0B4GD8WF5,29/03/2023,1699,1699,685,301,0,1
B0B4GD8WF5,30/03/2023,1699,1699,783,685,0,1
B08WWTVHPZ,28/03/2023,1499,,1253,,0,1
B08WWTVHPZ,29/03/2023,1499,1499,1442,1253,0,1
B08WWTVHPZ,30/03/2023,1499,1499,1490,1442,0,1
B08LVBHP26,28/03/2023,1049,,255,,0,1
B08LVBHP26,29/03/2023,1049,1049,753,255,0,1
B08LVBHP26,30/03/2023,1049,1049,171,753,0,1
B09FK622Y4,28/03/2023,1999,,979,,0,1
B09FK622Y4,29/03/2023,1999,1999,1033,979,0,1
B09FK622Y4,30/03/2023,1999,1999,280,1033,0,1
B08WK7FL8F,28/03/2023,2999,,779,,0,1
B08WK7FL8F,29/03/2023,2999,2999,924,779,0,1
B08WK7FL8F,30/03/2023,2999,2999,1006,924,0,1
B07GS34NFH,28/03/2023,1599,,1187,,0,1
B07GS34NFH,29/03/2023,1599,1599,1262,1187,0,1
B07GS34NFH,30/03/2023,1599,1599,1264,1262,0,1
B07DWCKG8V,28/03/2023,2999,,,,0,1
B07DWCKG8V,29/03/2023,2999,2999,,,0,1
B07DWCKG8V,30/03/2023,2999,2999,,,0,1
B0BH8LHWBV,28/03/2023,1599,,462,,0,1
B0BH8LHWBV,29/03/2023,1599,1599,719,462,0,1
B0BH8LHWBV,30/03/2023,1599,1599,851,719,0,1
B08WK71HX7,28/03/2023,1499,,1155,,0,1
B08WK71HX7,29/03/2023,1499,1499,1326,1155,0,1
B08WK71HX7,30/03/2023,1499,1499,1359,1326,0,1
B08FHD7C6D,28/03/2023,3499,,141,,0,1
B08FHD7C6D,29/03/2023,3499,3499,197,141,0,1
B08FHD7C6D,30/03/2023,3499,3499,306,197,0,1
B09FK6L58C,28/03/2023,1699,,731,,0,1
B09FK6L58C,29/03/2023,1699,1699,884,731,0,1
B09FK6L58C,30/03/2023,1699,1699,916,884,0,1
B08LVC31C6,28/03/2023,1049,,1514,,0,1
B08LVC31C6,29/03/2023,1049,1049,1704,1514,0,1
B08LVC31C6,30/03/2023,1049,1049,1753,1704,0,1
B08KGNHX6Y,28/03/2023,1999,,846,,0,1
B08KGNHX6Y,29/03/2023,1999,1999,459,846,0,1
B08KGNHX6Y,30/03/2023,1999,1999,636,459,0,1
B08LMHDCZ4,28/03/2023,1049,,1302,,0,1
B08LMHDCZ4,29/03/2023,1049,1049,1361,1302,0,1
B08LMHDCZ4,30/03/2023,1049,1049,1363,1361,0,1
B0B4GCRCL8,28/03/2023,1599,,1511,,0,1
B0B4GCRCL8,29/03/2023,1599,1599,1654,1511,0,1
B0B4GCRCL8,30/03/2023,1599,1599,1685,1654,0,1
B08WK7Q893,28/03/2023,2999,,1467,,0,1
B08WK7Q893,29/03/2023,2999,2999,1650,1467,0,1
B08WK7Q893,30/03/2023,2999,2999,1702,1650,0,1
B07TWCWPT8,28/03/2023,1576,,1140,,0,1
B07TWCWPT8,29/03/2023,1699,1576,1284,1140,0,1
B07TWCWPT8,30/03/2023,1699,1699,1341,1284,0,1
B08FHC676P,28/03/2023,2999,,767,,0,1
B08FHC676P,29/03/2023,2999,2999,987,767,0,1
B08FHC676P,30/03/2023,2999,2999,1053,987,0,1
B0B2LN5S4V,28/03/2023,1999,,1038,,0,1
B0B2LN5S4V,29/03/2023,1999,1999,1223,1038,0,1
B0B2LN5S4V,30/03/2023,1999,1999,382,1223,0,1
B0BLZGZCRD,28/03/2023,1999,,626,,0,1
B0BLZGZCRD,29/03/2023,1999,1999,892,626,0,1
B0BLZGZCRD,30/03/2023,1999,1999,968,892,0,1
B08LMYS6H8,28/03/2023,1049,,223,,0,1
B08LMYS6H8,29/03/2023,1049,1049,130,223,0,1
B08LMYS6H8,30/03/2023,1049,1049,122,130,0,1
B0BK4Q2HGY,28/03/2023,2999,,,,0,1
B0BK4Q2HGY,29/03/2023,2999,2999,,,0,1
B0BK4Q2HGY,30/03/2023,2999,2999,,,0,1
B09TT93LK2,28/03/2023,2499,,1380,,0,1
B09TT93LK2,29/03/2023,2499,2499,1466,1380,0,1
B09TT93LK2,30/03/2023,2499,2499,1477,1466,0,1
B08WK6SFZM,28/03/2023,2827,,1444,,0,1
B08WK6SFZM,29/03/2023,2827,2827,1609,1444,0,1
B08WK6SFZM,30/03/2023,2827,2827,1649,1609,0,1
B08LVBGJJZ,28/03/2023,1049,,1115,,0,1
B08LVBGJJZ,29/03/2023,1049,1049,1182,1115,0,1
B08LVBGJJZ,30/03/2023,1049,1049,1215,1182,0,1
B08LMBDMKS,28/03/2023,1049,,223,,0,1
B08LMBDMKS,29/03/2023,1049,1049,167,223,0,1
B08LMBDMKS,30/03/2023,1049,1049,122,167,0,1
B08KGNZDBR,28/03/2023,1999,,466,,0,1
B08KGNZDBR,29/03/2023,1999,1999,727,466,0,1
B08KGNZDBR,30/03/2023,1999,1999,812,727,0,1
B0B4GBPTRN,28/03/2023,1999,,1033,,0,1
B0B4GBPTRN,29/03/2023,1999,1999,1129,1033,0,1
B0B4GBPTRN,30/03/2023,1999,1999,1136,1129,0,1
B0B4GD1FYC,28/03/2023,1599,,341,,0,1
B0B4GD1FYC,29/03/2023,1599,1599,619,341,0,1
B0B4GD1FYC,30/03/2023,1599,1599,688,619,0,1
B08QFDWR5D,28/03/2023,2999,,758,,0,1
B08QFDWR5D,29/03/2023,2999,2999,933,758,0,1
B08QFDWR5D,30/03/2023,2999,2999,982,933,0,1
B08KGCNF2R,28/03/2023,1999,,749,,0,1
B08KGCNF2R,29/03/2023,1999,1999,1002,749,0,1
B08KGCNF2R,30/03/2023,1999,1999,1089,1002,0,1
B07YFQLFF9,28/03/2023,549,,1121,,0,1
B07YFQLFF9,29/03/2023,549,549,1204,1121,0,1
B07YFQLFF9,30/03/2023,549,549,1199,1204,0,1
B07J5529RH,28/03/2023,539,,115,,0,1
B07J5529RH,29/03/2023,539,539,158,115,0,1
B07J5529RH,30/03/2023,539,539,231,158,0,1
B07GNN81V3,28/03/2023,499,,131,,0,1
B07GNN81V3,29/03/2023,499,499,464,131,0,1
B07GNN81V3,30/03/2023,499,499,264,464,0,1
B08DM3K9JQ,28/03/2023,1299,,5672,,0,1
B08DM3K9JQ,29/03/2023,1299,1299,5678,5672,0,1
B08DM3K9JQ,30/03/2023,1299,1299,5639,5678,0,1
B07GNPW16D,28/03/2023,800,,2527,,0,1
B07GNPW16D,29/03/2023,800,800,2609,2527,0,1
B07GNPW16D,30/03/2023,800,800,2614,2609,0,1
B098JM8V2N,28/03/2023,1200,,292,,0,1
B098JM8V2N,29/03/2023,1200,1200,692,292,0,1
B098JM8V2N,30/03/2023,1200,1200,765,692,0,1
B09PGL56JW,28/03/2023,1199,,6854,,0,1
B09PGL56JW,29/03/2023,1199,1199,7051,6854,0,1
B09PGL56JW,30/03/2023,1199,1199,7073,7051,0,0
B0BQMV69KC,28/03/2023,986,,6914,,0,1
B0BQMV69KC,29/03/2023,999,986,6984,6914,0,1
B0BQMV69KC,30/03/2023,999,999,6966,6984,0,1
B09PGM7YCD,28/03/2023,693,,6327,,0,1
B09PGM7YCD,29/03/2023,693,693,6369,6327,0,1
B09PGM7YCD,30/03/2023,693,693,6335,6369,0,1
B08DM51MJT,28/03/2023,899,,2510,,0,1
B08DM51MJT,29/03/2023,899,899,2598,2510,0,1
B08DM51MJT,30/03/2023,899,899,2608,2598,0,1
B07YFQBVWT,28/03/2023,499,,972,,0,1
B07YFQBVWT,29/03/2023,499,499,529,972,0,1
B07YFQBVWT,30/03/2023,499,499,307,529,0,1
B07D8WFSNZ,28/03/2023,799,,578,,0,1
B07D8WFSNZ,29/03/2023,799,799,856,578,0,1
B07D8WFSNZ,30/03/2023,799,799,956,856,0,1
B07WD6CZ6M,28/03/2023,999,,2734,,0,1
B07WD6CZ6M,29/03/2023,999,999,2758,2734,0,1
B07WD6CZ6M,30/03/2023,999,999,2731,2758,0,1
B07YFWLX23,28/03/2023,499,,570,,0,1
B07YFWLX23,29/03/2023,499,499,554,570,0,1
B07YFWLX23,30/03/2023,499,499,260,554,0,1
B098JMVKLQ,28/03/2023,499,,43,,0,1
B098JMVKLQ,29/03/2023,499,499,22,43,0,1
B098JMVKLQ,30/03/2023,499,499,29,22,0,1
B07WD7M46N,28/03/2023,849,,2299,,0,1
B07WD7M46N,29/03/2023,849,849,2331,2299,0,1
B07WD7M46N,30/03/2023,849,849,2325,2331,0,1
B07YFQ638Q,28/03/2023,999,,1793,,0,1
B07YFQ638Q,29/03/2023,999,999,1843,1793,0,1
B07YFQ638Q,30/03/2023,999,999,1834,1843,0,1
B08FBGQH9M,28/03/2023,499,,691,,0,1
B08FBGQH9M,29/03/2023,499,499,1037,691,0,1
B08FBGQH9M,30/03/2023,499,499,1147,1037,0,1
B098JHZY9M,28/03/2023,998,,111,,0,1
B098JHZY9M,29/03/2023,998,998,46,111,0,1
B098JHZY9M,30/03/2023,998,998,43,46,0,1
B07WMG1R74,28/03/2023,999,,251,,0,1
B07WMG1R74,29/03/2023,999,999,405,251,0,1
B07WMG1R74,30/03/2023,999,999,256,405,0,1
B09PGK3H28,28/03/2023,618,,7464,,0,1
B09PGK3H28,29/03/2023,618,618,7473,7464,0,1
B09PGK3H28,30/03/2023,618,618,7427,7473,0,1
B0BSC7ZWLZ,28/03/2023,2118,,4252,,0,1
B0BSC7ZWLZ,29/03/2023,2118,2118,4389,4252,0,1
B0BSC7ZWLZ,30/03/2023,2118,2118,4390,4389,0,1
B09PGLV54Y,28/03/2023,799,,3705,,0,1
B09PGLV54Y,29/03/2023,799,799,3841,3705,0,1
B09PGLV54Y,30/03/2023,799,799,3863,3841,0,1
B098JSYCVQ,28/03/2023,2278,,796,,0,1
B098JSYCVQ,29/03/2023,2290,2278,957,796,0,1
B098JSYCVQ,30/03/2023,2278,2290,302,957,0,1
B07D8S12M4,28/03/2023,999,,127,,0,1
B07D8S12M4,29/03/2023,999,999,101,127,0,1
B07D8S12M4,30/03/2023,999,999,123,101,0,1
B0BRCT54XQ,28/03/2023,1299,,1620,,0,1
B0BRCT54XQ,29/03/2023,1299,1299,1899,1620,0,1
B0BRCT54XQ,30/03/2023,1299,1299,1978,1899,0,1
B08DM4R1KG,28/03/2023,949,,151,,0,1
B08DM4R1KG,29/03/2023,949,949,85,151,0,1
B08DM4R1KG,30/03/2023,949,949,153,85,0,1
B09PGLS1TS,28/03/2023,799,,1246,,0,1
B09PGLS1TS,29/03/2023,799,799,1536,1246,0,1
B09PGLS1TS,30/03/2023,799,799,1630,1536,0,1
B07GNNBY3Q,28/03/2023,799,,1230,,0,1
B07GNNBY3Q,29/03/2023,810,799,1423,1230,0,1
B07GNNBY3Q,30/03/2023,799,810,1473,1423,0,1
B071HNP93G,28/03/2023,999,,39,,0,1
B071HNP93G,29/03/2023,999,999,46,39,0,1
B071HNP93G,30/03/2023,999,999,37,46,0,1
B09PGLYZFV,28/03/2023,899,,3481,,0,1
B09PGLYZFV,29/03/2023,899,899,3591,3481,0,1
B09PGLYZFV,30/03/2023,899,899,3605,3591,0,1
B07YFXCZGW,28/03/2023,1299,,1310,,0,1
B07YFXCZGW,29/03/2023,1299,1299,1437,1310,0,1
B07YFXCZGW,30/03/2023,1299,1299,1460,1437,0,1
B07GNN5WQ3,28/03/2023,495,,3124,,0,1
B07GNN5WQ3,29/03/2023,599,495,3160,3124,0,1
B07GNN5WQ3,30/03/2023,599,599,3133,3160,0,1
B08FBG86Y6,28/03/2023,799,,7015,,0,1
B08FBG86Y6,29/03/2023,799,799,7020,7015,0,1
B08FBG86Y6,30/03/2023,799,799,6978,7020,0,1
B07GNH63FR,28/03/2023,599,,3110,,0,1
B07GNH63FR,29/03/2023,599,599,3139,3110,0,1
B07GNH63FR,30/03/2023,599,599,3114,3139,0,1
B082615SHD,28/03/2023,1499,,2628,,0,1
B082615SHD,29/03/2023,1499,1499,2750,2628,0,1
B082615SHD,30/03/2023,1333,1499,2778,2750,0,1
B07H32ZLJY,28/03/2023,999,,29,,0,1
B07H32ZLJY,29/03/2023,999,999,41,29,0,1
B07H32ZLJY,30/03/2023,999,999,37,41,0,1
B098JKP569,28/03/2023,499,,35,,0,1
B098JKP569,29/03/2023,499,499,37,35,0,1
B098JKP569,30/03/2023,499,499,29,37,0,1
B098JHF26L,28/03/2023,1349,,68,,0,1
B098JHF26L,29/03/2023,1349,1349,46,68,0,1
B098JHF26L,30/03/2023,1349,1349,43,46,0,1
B07H33ZRV5,28/03/2023,499,,2856,,0,1
B07H33ZRV5,29/03/2023,499,499,2896,2856,0,1
B07H33ZRV5,30/03/2023,499,499,2872,2896,0,1
B09PGL72S7,28/03/2023,1119,,554,,0,1
B09PGL72S7,29/03/2023,1119,1119,803,554,0,1
B09PGL72S7,30/03/2023,1119,1119,883,803,0,1
B09PGKDH5L,28/03/2023,618,,3460,,0,1
B09PGKDH5L,29/03/2023,618,618,3576,3460,0,1
B09PGKDH5L,30/03/2023,618,618,3596,3576,0,1
B09PGJQFMN,28/03/2023,618,,2388,,0,1
B09PGJQFMN,29/03/2023,618,618,2509,2388,0,1
B09PGJQFMN,30/03/2023,618,618,2520,2509,0,1
B093DQMZ9S,28/03/2023,1980,,2862,,0,1
B093DQMZ9S,29/03/2023,1980,1980,2880,2862,0,1
B093DQMZ9S,30/03/2023,1980,1980,2881,2880,0,1
B09PGKCZSF,28/03/2023,618,,7634,,0,1
B09PGKCZSF,29/03/2023,618,618,7647,7634,0,1
B09PGKCZSF,30/03/2023,618,618,7603,7647,0,1
B09CQ5KPXT,28/03/2023,1117,,26,,0,1
B09CQ5KPXT,29/03/2023,1117,1117,41,26,0,1
B09CQ5KPXT,30/03/2023,1117,1117,46,41,0,1
B09HP1TN7X,28/03/2023,449,,702,,0,1
B09HP1TN7X,29/03/2023,449,449,899,702,0,1
B09HP1TN7X,30/03/2023,449,449,973,899,0,1
B07GNLGL6W,28/03/2023,809,,2478,,0,1
B07GNLGL6W,29/03/2023,809,809,603,2478,0,1
B07GNLGL6W,30/03/2023,809,809,743,603,0,1
B08FBG2RT1,28/03/2023,899,,6028,,0,1
B08FBG2RT1,29/03/2023,899,899,6084,6028,0,1
B08FBG2RT1,30/03/2023,899,899,6068,6084,0,1
B09PGLV12L,28/03/2023,799,,8099,,0,1
B09PGLV12L,29/03/2023,799,799,8113,8099,0,1
B09PGLV12L,30/03/2023,799,799,8063,8113,0,1
B082617RTQ,28/03/2023,979,,4255,,0,1
B082617RTQ,29/03/2023,979,979,4270,4255,0,1
B082617RTQ,30/03/2023,979,979,4236,4270,0,1
B07TFQ6NT9,28/03/2023,,,1327,,0,1
B07TFQ6NT9,29/03/2023,,,1553,1327,0,1
B07TFQ6NT9,30/03/2023,,,1638,1553,0,1
B07G59DH93,28/03/2023,2779,,3896,,0,1
B07G59DH93,29/03/2023,2779,2779,3940,3896,0,1
B07G59DH93,30/03/2023,2779,2779,3912,3940,0,1
B07YJ41219,28/03/2023,789,,3627,,0,1
B07YJ41219,29/03/2023,789,789,3641,3627,0,1
B07YJ41219,30/03/2023,789,789,3612,3641,0,1
B07TCHGZ1R,28/03/2023,1319,,2640,,0,1
B07TCHGZ1R,29/03/2023,1319,1319,2773,2640,0,1
B07TCHGZ1R,30/03/2023,1319,1319,2795,2773,0,1
B07G58MGGX,28/03/2023,2239,,1036,,0,1
B07G58MGGX,29/03/2023,2239,2239,1288,1036,0,1
B07G58MGGX,30/03/2023,2239,2239,1375,1288,0,1
B07T9F1LCQ,28/03/2023,1009,,3516,,0,1
B07T9F1LCQ,29/03/2023,1009,1009,3538,3516,0,1
B07T9F1LCQ,30/03/2023,1009,1009,3521,3538,0,1
B07T9F7264,28/03/2023,799,,3823,,0,1
B07T9F7264,29/03/2023,799,799,3843,3823,0,1
B07T9F7264,30/03/2023,799,799,3810,3843,0,1
B07TL4P6Q3,28/03/2023,759,,1216,,0,1
B07TL4P6Q3,29/03/2023,759,759,1278,1216,0,1
B07TL4P6Q3,30/03/2023,759,759,338,1278,0,1
B0849QVCQK,28/03/2023,829,,2151,,0,1
B0849QVCQK,29/03/2023,829,829,2204,2151,0,1
B0849QVCQK,30/03/2023,829,829,2212,2204,0,1
B07G597ZK3,28/03/2023,2579,,2024,,0,1
B07G597ZK3,29/03/2023,2579,2579,2164,2024,0,1
B07G597ZK3,30/03/2023,2579,2579,2200,2164,0,1
B07TBG58VY,28/03/2023,1089,,6978,,0,1
B07TBG58VY,29/03/2023,1089,1089,7140,6978,0,1
B07TBG58VY,30/03/2023,1089,1089,7160,7140,0,1
B07TFQ6NN2,28/03/2023,1409,,1549,,0,1
B07TFQ6NN2,29/03/2023,1409,1409,1689,1549,0,1
B07TFQ6NN2,30/03/2023,1409,1409,1704,1689,0,1
B07T89RCZN,28/03/2023,640,,4024,,0,1
B07T89RCZN,29/03/2023,641,640,4033,4024,0,1
B07T89RCZN,30/03/2023,641,641,3991,4033,0,1
B08QS57LXZ,28/03/2023,1479,,12968,,0,1
B08QS57LXZ,29/03/2023,1479,1479,12975,12968,0,1
B08QS57LXZ,30/03/2023,1479,1479,12925,12975,0,1
B07G595WGY,28/03/2023,2579,,2051,,0,1
B07G595WGY,29/03/2023,2579,2579,2179,2051,0,1
B07G595WGY,30/03/2023,2579,2579,2203,2179,0,1
B07TK4J7BG,28/03/2023,636,,3132,,0,1
B07TK4J7BG,29/03/2023,1089,636,3166,3132,0,1
B07TK4J7BG,30/03/2023,1089,1089,3143,3166,0,1
B07TCHHVDW,28/03/2023,929,,1528,,0,1
B07TCHHVDW,29/03/2023,929,929,1602,1528,0,1
B07TCHHVDW,30/03/2023,929,929,418,1602,0,1
B08P6Z5Y4N,28/03/2023,1259,,11008,,0,1
B08P6Z5Y4N,29/03/2023,1259,1259,11016,11008,0,1
B08P6Z5Y4N,30/03/2023,1259,1259,10958,11016,0,1
B07TBG5XM1,28/03/2023,974,,1243,,0,1
B07TBG5XM1,29/03/2023,1549,974,1521,1243,0,1
B07TBG5XM1,30/03/2023,1549,1549,1688,1521,0,1
B07TCHCNPD,28/03/2023,1089,,2282,,0,1
B07TCHCNPD,29/03/2023,1089,1089,2748,2282,0,1
B07TCHCNPD,30/03/2023,1089,1089,2773,2748,0,1
B08QS56ZB3,28/03/2023,2819,,5169,,0,1
B08QS56ZB3,29/03/2023,2819,2819,5208,5169,0,1
B08QS56ZB3,30/03/2023,2819,2819,5177,5208,0,1
B0822S9N9Y,28/03/2023,829,,764,,0,1
B0822S9N9Y,29/03/2023,829,829,1003,764,0,1
B0822S9N9Y,30/03/2023,829,829,1081,1003,0,1
B07TBG1V3J,28/03/2023,879,,3625,,0,1
B07TBG1V3J,29/03/2023,879,879,3644,3625,0,1
B07TBG1V3J,30/03/2023,879,879,3617,3644,0,1
B07TK4LB7P,28/03/2023,1089,,3046,,0,1
B07TK4LB7P,29/03/2023,1089,1089,3074,3046,0,1
B07TK4LB7P,30/03/2023,1089,1089,3044,3074,0,1
B07T9F5XKL,28/03/2023,,,2403,,0,1
B07T9F5XKL,29/03/2023,,,2832,2403,0,1
B07T9F5XKL,30/03/2023,,,2853,2832,0,1
B08QS5FJPH,28/03/2023,1999,,13158,,0,1
B08QS5FJPH,29/03/2023,1999,1999,13164,13158,0,1
B08QS5FJPH,30/03/2023,1999,1999,13113,13164,0,1
B07TK4LDNL,28/03/2023,1199,,2157,,0,1
B07TK4LDNL,29/03/2023,1199,1199,2300,2157,0,1
B07TK4LDNL,30/03/2023,1199,1199,2351,2300,0,1
B07TCHH1RQ,28/03/2023,1089,,3616,,0,1
B07TCHH1RQ,29/03/2023,1089,1089,3670,3616,0,1
B07TCHH1RQ,30/03/2023,1089,1089,3654,3670,0,1
B07TCHC6L7,28/03/2023,809,,2019,,0,1
B07TCHC6L7,29/03/2023,809,809,2087,2019,0,1
B07TCHC6L7,30/03/2023,809,809,2113,2087,0,1
B07TJ18ZCL,28/03/2023,899,,4178,,0,1
B07TJ18ZCL,29/03/2023,899,899,4199,4178,0,1
B07TJ18ZCL,30/03/2023,899,899,4165,4199,0,1
B08QS2BHVB,28/03/2023,2819,,4260,,0,1
B08QS2BHVB,29/03/2023,2819,2819,4339,4260,0,1
B08QS2BHVB,30/03/2023,2819,2819,4324,4339,0,1
B07G5MWHKR,28/03/2023,2579,,4670,,0,1
B07G5MWHKR,29/03/2023,2579,2579,4728,4670,0,1
B07G5MWHKR,30/03/2023,2579,2579,4704,4728,0,1
B07TDLZ17J,28/03/2023,829,,3601,,0,1
B07TDLZ17J,29/03/2023,829,829,3622,3601,0,1
B07TDLZ17J,30/03/2023,829,829,351,3622,0,0
B07TCHFSV8,28/03/2023,829,,2141,,0,1
B07TCHFSV8,29/03/2023,829,829,2257,2141,0,1
B07TCHFSV8,30/03/2023,829,829,2278,2257,0,1
B08QS5T74Y,28/03/2023,2399,,6134,,0,1
B08QS5T74Y,29/03/2023,2399,2399,6142,6134,0,1
B08QS5T74Y,30/03/2023,2399,2399,6101,6142,0,1
B08P6YMN1Y,28/03/2023,1009,,2683,,0,1
B08P6YMN1Y,29/03/2023,1009,1009,2817,2683,0,1
B08P6YMN1Y,30/03/2023,1009,1009,2842,2817,0,1
B07TL4LD5X,28/03/2023,1089,,5057,,0,1
B07TL4LD5X,29/03/2023,1089,1089,5066,5057,0,1
B07TL4LD5X,30/03/2023,1089,1089,5031,5066,0,1
B07TFQ6NTV,28/03/2023,1319,,,,0,1
B07TFQ6NTV,29/03/2023,1319,1319,,,0,0
B07TFQ6NTV,30/03/2023,1319,1319,,,0,0
B08P6Y9PYJ,28/03/2023,1199,,3400,,0,1
B08P6Y9PYJ,29/03/2023,1199,1199,3710,3400,0,1
B08P6Y9PYJ,30/03/2023,1199,1199,3729,3710,0,1
B08QS7PJL4,28/03/2023,1833,,6038,,0,1
B08QS7PJL4,29/03/2023,2819,1833,6048,6038,0,1
B08QS7PJL4,30/03/2023,2819,2819,6008,6048,0,1
B07TFQF8YM,28/03/2023,919,,3245,,0,1
B07TFQF8YM,29/03/2023,919,919,3285,3245,0,1
B07TFQF8YM,30/03/2023,919,919,3276,3285,0,1
B07TFQ9S7C,28/03/2023,1319,,7928,,0,1
B07TFQ9S7C,29/03/2023,1319,1319,7941,7928,0,1
B07TFQ9S7C,30/03/2023,1319,1319,7894,7941,0,1
B08QS6LD5D,28/03/2023,3759,,4048,,0,1
B08QS6LD5D,29/03/2023,3759,3759,4099,4048,0,1
B08QS6LD5D,30/03/2023,3759,3759,4073,4099,0,1
B07TFQGX1X,28/03/2023,919,,1798,,0,1
B07TFQGX1X,29/03/2023,919,919,1996,1798,0,1
B07TFQGX1X,30/03/2023,919,919,2080,1996,0,1
B08P6X1966,28/03/2023,1219,,1800,,0,1
B08P6X1966,29/03/2023,1219,1219,2018,1800,0,1
B08P6X1966,30/03/2023,1219,1219,2073,2018,0,1
B07TFQ9SM1,28/03/2023,1269,,4817,,0,1
B07TFQ9SM1,29/03/2023,1269,1269,4839,4817,0,1
B07TFQ9SM1,30/03/2023,1269,1269,4801,4839,0,1
B07THKTPMB,28/03/2023,1079,,,,0,1
B07THKTPMB,29/03/2023,1079,1079,,,0,1
B07THKTPMB,30/03/2023,1079,1079,,,0,1
B07TDM1QPJ,28/03/2023,1009,,3570,,0,1
B07TDM1QPJ,29/03/2023,1009,1009,3606,3570,0,1
B07TDM1QPJ,30/03/2023,1009,1009,377,3606,0,1
B0BQF7FD5X,28/03/2023,3999,,301,,0,1
B0BQF7FD5X,29/03/2023,3999,3999,380,301,0,1
B0BQF7FD5X,30/03/2023,3999,3999,407,380,0,1
B09DPVC129,28/03/2023,3999,,582,,0,1
B09DPVC129,29/03/2023,3999,3999,619,582,0,1
B09DPVC129,30/03/2023,3999,3999,46,619,0,1
B09DPTNYT1,28/03/2023,3999,,746,,0,1
B09DPTNYT1,29/03/2023,3999,3999,776,746,0,1
B09DPTNYT1,30/03/2023,3999,3999,770,776,0,1
B09DPWCKL1,28/03/2023,3999,,284,,0,1
B09DPWCKL1,29/03/2023,3999,3999,344,284,0,1
B09DPWCKL1,30/03/2023,3999,3999,357,344,0,1
B0B2KCN6GV,28/03/2023,3999,,799,,0,1
B0B2KCN6GV,29/03/2023,3999,3999,845,799,0,1
B0B2KCN6GV,30/03/2023,3999,3999,860,845,0,1
B0BM9K1NCK,28/03/2023,3999,,530,,0,1
B0BM9K1NCK,29/03/2023,3999,3999,108,530,0,1
B0BM9K1NCK,30/03/2023,3999,3999,146,108,0,1
B09DPVRTDQ,28/03/2023,2999,,760,,0,1
B09DPVRTDQ,29/03/2023,2999,2999,781,760,0,1
B09DPVRTDQ,30/03/2023,2999,2999,781,781,0,1
B08F7XM73T,28/03/2023,3999,,,,0,1
B08F7XM73T,29/03/2023,3999,3999,,,0,1
B08F7XM73T,30/03/2023,3999,3999,,,0,1
B0BH8X1DP3,28/03/2023,2999,,,,0,1
B0BH8X1DP3,29/03/2023,2999,2999,,,0,1
B0BH8X1DP3,30/03/2023,2999,2999,,,0,1
B0BH8WXJYJ,28/03/2023,3999,,,,0,1
B0BH8WXJYJ,29/03/2023,3999,3999,,,0,1
B0BH8WXJYJ,30/03/2023,3999,3999,,,0,1
B0792T5T9N,28/03/2023,2999,,1183,,0,1
B0792T5T9N,29/03/2023,2999,2999,1215,1183,0,1
B0792T5T9N,30/03/2023,2999,2999,1220,1215,0,1
B0BH8W9KKZ,28/03/2023,2999,,,,0,1
B0BH8W9KKZ,29/03/2023,2999,2999,,,0,1
B0BH8W9KKZ,30/03/2023,2999,2999,,,0,1
B08WHX5QGG,28/03/2023,3999,,274,,0,1
B08WHX5QGG,29/03/2023,3999,3999,316,274,0,1
B08WHX5QGG,30/03/2023,3999,3999,316,316,0,1
B09DPT5JG2,28/03/2023,4999,,50,,0,1
B09DPT5JG2,29/03/2023,4999,4999,140,50,0,1
B09DPT5JG2,30/03/2023,4999,4999,162,140,0,1
B0BH8YQJK4,28/03/2023,3999,,,,0,1
B0BH8YQJK4,29/03/2023,3999,3999,,,0,1
B0BH8YQJK4,30/03/2023,3999,3999,,,0,1
B09DPTDVNZ,28/03/2023,3999,,1206,,0,1
B09DPTDVNZ,29/03/2023,3999,3999,1221,1206,0,1
B09DPTDVNZ,30/03/2023,3999,3999,1215,1221,0,1
B09DPRL4NN,28/03/2023,3999,,369,,0,1
B09DPRL4NN,29/03/2023,3999,3999,404,369,0,1
B09DPRL4NN,30/03/2023,3999,3999,402,404,0,1
B09PRL9VH6,28/03/2023,2999,,491,,0,1
B09PRL9VH6,29/03/2023,2999,2999,522,491,0,1
B09PRL9VH6,30/03/2023,2999,2999,498,522,0,1
B0BD8CMMVD,28/03/2023,3999,,,,0,1
B0BD8CMMVD,29/03/2023,3999,3999,,,0,1
B0BD8CMMVD,30/03/2023,3999,3999,,,0,1
B0192VE6Z2,28/03/2023,3999,,299,,0,1
B0192VE6Z2,29/03/2023,3999,3999,321,299,0,1
B0192VE6Z2,30/03/2023,3999,3999,320,321,0,1
B0BD87WFDX,28/03/2023,4999,,,,0,1
B0BD87WFDX,29/03/2023,4999,4999,,,0,1
B0BD87WFDX,30/03/2023,4999,4999,,,0,1
B08FB8C3VT,28/03/2023,5999,,1431,,0,1
B08FB8C3VT,29/03/2023,5999,5999,1474,1431,0,1
B08FB8C3VT,30/03/2023,5999,5999,1471,1474,0,1
B09DPVCKXB,28/03/2023,5999,,484,,0,1
B09DPVCKXB,29/03/2023,5999,5999,505,484,0,1
B09DPVCKXB,30/03/2023,5999,5999,507,505,0,1
B08W4BGXB7,28/03/2023,3999,,411,,0,1
B08W4BGXB7,29/03/2023,3999,3999,439,411,0,1
B08W4BGXB7,30/03/2023,3999,3999,439,439,0,1
B09DPTG9GF,28/03/2023,3999,,420,,0,1
B09DPTG9GF,29/03/2023,3999,3999,448,420,0,1
B09DPTG9GF,30/03/2023,3999,3999,448,448,0,1
B09DPV956M,28/03/2023,2999,,605,,0,1
B09DPV956M,29/03/2023,2999,2999,621,605,0,1
B09DPV956M,30/03/2023,2999,2999,621,621,0,1
B09DPVDMBN,28/03/2023,2999,,956,,0,1
B09DPVDMBN,29/03/2023,2999,2999,1000,956,0,1
B09DPVDMBN,30/03/2023,2999,2999,1015,1000,0,1
B0792NK4GB,28/03/2023,2999,,516,,0,1
B0792NK4GB,29/03/2023,2999,2999,530,516,0,1
B0792NK4GB,30/03/2023,2999,2999,522,530,0,1
B0BH8ZPGTK,28/03/2023,3999,,,,0,1
B0BH8ZPGTK,29/03/2023,3999,3999,,,0,1
B0BH8ZPGTK,30/03/2023,3999,3999,,,0,1
B09PRLCKYW,28/03/2023,3999,,241,,0,1
B09PRLCKYW,29/03/2023,3999,3999,285,241,0,1
B09PRLCKYW,30/03/2023,3999,3999,289,285,0,1
B09DPVR1LX,28/03/2023,3999,,1165,,0,1
B09DPVR1LX,29/03/2023,3999,3999,1219,1165,0,1
B09DPVR1LX,30/03/2023,3999,3999,1235,1219,0,1
B0BH8X71MK,28/03/2023,4999,,,,0,1
B0BH8X71MK,29/03/2023,4999,4999,,,0,1
B0BH8X71MK,30/03/2023,4999,4999,,,0,1
B0BH8ZN7Z9,28/03/2023,3999,,163,,0,1
B0BH8ZN7Z9,29/03/2023,3999,3999,228,163,0,1
B0BH8ZN7Z9,30/03/2023,3999,3999,240,228,0,1
B09DPS8ZFJ,28/03/2023,2999,,114,,0,1
B09DPS8ZFJ,29/03/2023,2999,2999,191,114,0,1
B09DPS8ZFJ,30/03/2023,2999,2999,210,191,0,1
B09PRMPQQ2,28/03/2023,2999,,87,,0,1
B09PRMPQQ2,29/03/2023,2999,2999,137,87,0,1
B09PRMPQQ2,30/03/2023,2999,2999,53,137,0,1
B09DPTY8PF,28/03/2023,2999,,771,,0,1
B09DPTY8PF,29/03/2023,2999,2999,788,771,0,1
B09DPTY8PF,30/03/2023,2999,2999,788,788,0,1
B0BM9J7QTB,28/03/2023,3999,,,,0,1
B0BM9J7QTB,29/03/2023,3999,3999,,,0,1
B0BM9J7QTB,30/03/2023,3999,3999,,,0,1
B0BM9HDM6J,28/03/2023,3999,,,,0,1
B0BM9HDM6J,29/03/2023,3999,3999,,,0,1
B0BM9HDM6J,30/03/2023,3999,3999,,,0,1
B0B4GCBRNM,28/03/2023,2999,,669,,0,1
B0B4GCBRNM,29/03/2023,2999,2999,697,669,0,1
B0B4GCBRNM,30/03/2023,2999,2999,698,697,0,1
B0BK4R3XH1,28/03/2023,3999,,394,,0,1
B0BK4R3XH1,29/03/2023,3999,3999,444,394,0,1
B0BK4R3XH1,30/03/2023,3999,3999,452,444,0,1
B09DPTJHTD,28/03/2023,5999,,328,,0,1
B09DPTJHTD,29/03/2023,5999,5999,369,328,0,1
B09DPTJHTD,30/03/2023,5999,5999,371,369,0,1
B09DPT1KDP,28/03/2023,2999,,254,,0,1
B09DPT1KDP,29/03/2023,2999,2999,281,254,0,1
B09DPT1KDP,30/03/2023,2999,2999,279,281,0,1
B09DPTFGFV,28/03/2023,3999,,114,,0,1
B09DPTFGFV,29/03/2023,3999,3999,160,114,0,1
B09DPTFGFV,30/03/2023,3999,3999,176,160,0,1
B09DPTTPQ3,28/03/2023,2999,,997,,0,1
B09DPTTPQ3,29/03/2023,2999,2999,1010,997,0,1
B09DPTTPQ3,30/03/2023,2999,2999,1007,1010,0,1
B0B292Y15G,28/03/2023,3999,,602,,0,1
B0B292Y15G,29/03/2023,3999,3999,624,602,0,1
B0B292Y15G,30/03/2023,3999,3999,626,624,0,1
B0B292RH3M,28/03/2023,4999,,429,,0,1
B0B292RH3M,29/03/2023,4999,4999,461,429,0,1
B0B292RH3M,30/03/2023,4999,4999,454,461,0,1
B08QFC5L6D,28/03/2023,4999,,724,,0,1
B08QFC5L6D,29/03/2023,4999,4999,743,724,0,1
B08QFC5L6D,30/03/2023,4999,4999,741,743,0,1
B09DPRGPL3,28/03/2023,4999,,50,,0,1
B09DPRGPL3,29/03/2023,4999,4999,140,50,0,1
B09DPRGPL3,30/03/2023,4999,4999,162,140,0,1
B07DVD87VJ,28/03/2023,4999,,846,,0,1
B07DVD87VJ,29/03/2023,4999,4999,860,846,0,1
B07DVD87VJ,30/03/2023,4999,4999,855,860,0,1
B08WHS5YR8,28/03/2023,3999,,485,,0,1
B08WHS5YR8,29/03/2023,3999,3999,509,485,0,1
B08WHS5YR8,30/03/2023,3999,3999,512,509,0,1
B0BK4P7RHK,28/03/2023,3999,,394,,0,1
B0BK4P7RHK,29/03/2023,3999,3999,444,394,0,1
B0BK4P7RHK,30/03/2023,3999,3999,452,444,0,1
B07D8V1ZNR,28/03/2023,1099,,,,0,1
B07D8V1ZNR,29/03/2023,1099,1099,,,0,1
B07D8V1ZNR,30/03/2023,1099,1099,,,0,1
B09CSZ1MCT,28/03/2023,1259,,5,,0,1
B09CSZ1MCT,29/03/2023,1259,1259,2,5,0,1
B09CSZ1MCT,30/03/2023,1259,1259,5,2,0,1
B0BSCBFYHV,28/03/2023,1299,,,,0,1
B0BSCBFYHV,29/03/2023,1299,1299,,,0,1
B0BSCBFYHV,30/03/2023,1299,1299,,,0,1
B07XZN297P,28/03/2023,2998,,249,,0,1
B07XZN297P,29/03/2023,2998,2998,275,249,0,1
B07XZN297P,30/03/2023,2998,2998,273,275,0,1
B07XZMX897,28/03/2023,2623,,285,,0,1
B07XZMX897,29/03/2023,2623,2623,313,285,0,1
B07XZMX897,30/03/2023,2623,2623,312,313,0,1
B07YFQNCCN,28/03/2023,1999,,97,,0,1
B07YFQNCCN,29/03/2023,1999,1999,170,97,0,1
B07YFQNCCN,30/03/2023,1999,1999,186,170,0,1
B07D92D8K7,28/03/2023,1249,,1350,,0,1
B07D92D8K7,29/03/2023,1249,1249,1360,1350,0,1
B07D92D8K7,30/03/2023,1249,1249,1356,1360,0,1
B07J58Z367,28/03/2023,1249,,1349,,0,1
B07J58Z367,29/03/2023,1249,1249,1363,1349,0,1
B07J58Z367,30/03/2023,1249,1249,1362,1363,0,1
B07GNQJX9C,28/03/2023,949,,529,,0,1
B07GNQJX9C,29/03/2023,949,949,546,529,0,1
B07GNQJX9C,30/03/2023,949,949,537,546,0,1
B07RXLB1KG,28/03/2023,1349,,449,,0,1
B07RXLB1KG,29/03/2023,1349,1349,470,449,0,1
B07RXLB1KG,30/03/2023,1349,1349,465,470,0,1
B071Z1PRVS,28/03/2023,884,,1673,,0,1
B071Z1PRVS,29/03/2023,884,884,1686,1673,0,1
B071Z1PRVS,30/03/2023,884,884,1679,1686,0,1
B09CMGJQWM,28/03/2023,989,,66,,0,1
B09CMGJQWM,29/03/2023,989,989,144,66,0,1
B09CMGJQWM,30/03/2023,989,989,24,144,0,1
B07D8SXS44,28/03/2023,1149,,723,,0,1
B07D8SXS44,29/03/2023,1149,1149,740,723,0,1
B07D8SXS44,30/03/2023,1149,1149,734,740,0,1
B07S3WYS6H,28/03/2023,1249,,408,,0,1
B07S3WYS6H,29/03/2023,1249,1249,424,408,0,1
B07S3WYS6H,30/03/2023,1249,1249,423,424,0,1
B07D8RHG3P,28/03/2023,1181,,435,,0,1
B07D8RHG3P,29/03/2023,1181,1181,464,435,0,1
B07D8RHG3P,30/03/2023,1181,1181,453,464,0,1
B07MBT95SL,28/03/2023,999,,459,,0,1
B07MBT95SL,29/03/2023,999,999,485,459,0,1
B07MBT95SL,30/03/2023,999,999,488,485,0,1
B09GM5W81X,28/03/2023,999,,53,,0,1
B09GM5W81X,29/03/2023,999,999,107,53,0,1
B09GM5W81X,30/03/2023,999,999,100,107,0,1
B07RYMXN74,28/03/2023,1749,,536,,0,1
B07RYMXN74,29/03/2023,1749,1749,558,536,0,1
B07RYMXN74,30/03/2023,1749,1749,559,558,0,1
B07XZN31VD,28/03/2023,2348,,222,,0,1
B07XZN31VD,29/03/2023,2348,2348,250,222,0,1
B07XZN31VD,30/03/2023,2348,2348,252,250,0,1
B07D8QVM65,28/03/2023,999,,28,,0,1
B07D8QVM65,29/03/2023,999,999,66,28,0,1
B07D8QVM65,30/03/2023,999,999,79,66,0,1
B07RYMZKPY,28/03/2023,1199,,123,,0,1
B07RYMZKPY,29/03/2023,1199,1199,162,123,0,1
B07RYMZKPY,30/03/2023,1199,1199,160,162,0,1
B07H34QX1X,28/03/2023,449,,,,0,1
B07H34QX1X,29/03/2023,449,449,,,0,1
B07H34QX1X,30/03/2023,449,449,,,0,1
B07D8RV56R,28/03/2023,699,,314,,0,1
B07D8RV56R,29/03/2023,1149,699,333,314,0,1
B07D8RV56R,30/03/2023,1149,1149,331,333,0,1
B07XZMF5HG,28/03/2023,2998,,149,,0,1
B07XZMF5HG,29/03/2023,2998,2998,187,149,0,1
B07XZMF5HG,30/03/2023,3010,2998,190,187,0,1
B07D8WND3Y,28/03/2023,931,,86,,0,1
B07D8WND3Y,29/03/2023,931,931,142,86,0,1
B07D8WND3Y,30/03/2023,931,931,156,142,0,1
B07T89TDBD,28/03/2023,3049,,854,,0,1
B07T89TDBD,29/03/2023,3049,3049,896,854,0,1
B07T89TDBD,30/03/2023,3049,3049,900,896,0,1
B07R62894Q,28/03/2023,1739,,489,,0,1
B07R62894Q,29/03/2023,1739,1739,543,489,0,1
B07R62894Q,30/03/2023,1739,1739,556,543,0,1
B07TM5N9TN,28/03/2023,,,595,,0,1
B07TM5N9TN,29/03/2023,,,649,595,0,1
B07TM5N9TN,30/03/2023,,,661,649,0,1
B08D1BTR6S,28/03/2023,1779,,1170,,0,1
B08D1BTR6S,29/03/2023,1779,1779,1225,1170,0,1
B08D1BTR6S,30/03/2023,1779,1779,1243,1225,0,1
B08D1G98KJ,28/03/2023,1879,,698,,0,1
B08D1G98KJ,29/03/2023,1879,1879,714,698,0,1
B08D1G98KJ,30/03/2023,1879,1879,714,714,0,1
B08P788GK7,28/03/2023,2109,,408,,0,1
B08P788GK7,29/03/2023,2109,2109,447,408,0,1
B08P788GK7,30/03/2023,2109,2109,455,447,0,1
B08D1GLKG4,28/03/2023,2106,,608,,0,1
B08D1GLKG4,29/03/2023,2106,2106,630,608,0,1
B08D1GLKG4,30/03/2023,2106,2106,624,630,0,1
B08P78KM1Q,28/03/2023,1609,,361,,0,1
B08P78KM1Q,29/03/2023,1609,1609,394,361,0,1
B08P78KM1Q,30/03/2023,1609,1609,395,394,0,1
B083GXSK8K,28/03/2023,1399,,769,,0,1
B083GXSK8K,29/03/2023,1399,1399,802,769,0,1
B083GXSK8K,30/03/2023,1399,1399,810,802,0,1
B07TGMQKY3,28/03/2023,3609,,735,,0,1
B07TGMQKY3,29/03/2023,3609,3609,762,735,0,1
B07TGMQKY3,30/03/2023,3609,3609,760,762,0,1
B07TGMX46L,28/03/2023,,,932,,0,1
B07TGMX46L,29/03/2023,,,955,932,0,1
B07TGMX46L,30/03/2023,,,957,955,0,1
B082R8WLZZ,28/03/2023,1399,,1201,,0,1
B082R8WLZZ,29/03/2023,1399,1399,1228,1201,0,1
B082R8WLZZ,30/03/2023,1399,1399,1230,1228,0,1
B07G58VCY5,28/03/2023,3599,,273,,0,1
B07G58VCY5,29/03/2023,3599,3599,396,273,0,1
B07G58VCY5,30/03/2023,3599,3599,435,396,0,1
B0845B8PQW,28/03/2023,1939,,255,,0,1
B0845B8PQW,29/03/2023,1939,1939,294,255,0,1
B0845B8PQW,30/03/2023,1939,1939,302,294,0,1
B08D1FQP7G,28/03/2023,1101,,532,,0,1
B08D1FQP7G,29/03/2023,1101,1101,555,532,0,1
B08D1FQP7G,30/03/2023,1101,1101,551,555,0,1
B08D1HNRRZ,28/03/2023,2019,,611,,0,1
B08D1HNRRZ,29/03/2023,2019,2019,650,611,0,1
B08D1HNRRZ,30/03/2023,2019,2019,655,650,0,1
B07R436B31,28/03/2023,2279,,652,,0,1
B07R436B31,29/03/2023,2279,2279,672,652,0,1
B07R436B31,30/03/2023,2279,2279,672,672,0,1
B08D1GLKQ5,28/03/2023,1731,,822,,0,1
B08D1GLKQ5,29/03/2023,1879,1731,846,822,0,1
B08D1GLKQ5,30/03/2023,1879,1879,847,846,0,1
B08QS5GPF8,28/03/2023,3599,,688,,0,1
B08QS5GPF8,29/03/2023,3599,3599,729,688,0,1
B08QS5GPF8,30/03/2023,3599,3599,740,729,0,1
B07R62GRKD,28/03/2023,1799,,120,,0,1
B07R62GRKD,29/03/2023,1799,1799,193,120,0,1
B07R62GRKD,30/03/2023,1799,1799,212,193,0,1
B07TDM37SY,28/03/2023,,,416,,0,1
B07TDM37SY,29/03/2023,,,457,416,0,1
B07TDM37SY,30/03/2023,,,460,457,0,1
B08D1GG2ND,28/03/2023,1949,,550,,0,1
B08D1GG2ND,29/03/2023,1949,1949,572,550,0,1
B08D1GG2ND,30/03/2023,1949,1949,568,572,0,1
B07TM5N9SS,28/03/2023,1879,,509,,0,1
B07TM5N9SS,29/03/2023,1879,1879,545,509,0,1
B07TM5N9SS,30/03/2023,1879,1879,546,545,0,1
B08QS8J3XT,28/03/2023,4219,,763,,0,1
B08QS8J3XT,29/03/2023,4219,4219,813,763,0,1
B08QS8J3XT,30/03/2023,4219,4219,835,813,0,1
B07R893PCB,28/03/2023,1879,,580,,0,1
B07R893PCB,29/03/2023,1879,1879,614,580,0,1
B07R893PCB,30/03/2023,1879,1879,619,614,0,1
B07TGKF1KW,28/03/2023,1639,,591,,0,1
B07TGKF1KW,29/03/2023,1639,1639,611,591,0,1
B07TGKF1KW,30/03/2023,1639,1639,613,611,0,1
B07XGM1WPD,28/03/2023,2109,,885,,0,1
B07XGM1WPD,29/03/2023,2109,2109,904,885,0,1
B07XGM1WPD,30/03/2023,2109,2109,899,904,0,1
B07XGLZS5K,28/03/2023,1739,,451,,0,1
B07XGLZS5K,29/03/2023,1739,1739,482,451,0,1
B07XGLZS5K,30/03/2023,1739,1739,485,482,0,1
B07TJ1BCMT,28/03/2023,1729,,547,,0,1
B07TJ1BCMT,29/03/2023,1729,1729,588,547,0,1
B07TJ1BCMT,30/03/2023,1729,1729,597,588,0,1
B07R436D1F,28/03/2023,2109,,556,,0,1
B07R436D1F,29/03/2023,2109,2109,586,556,0,1
B07R436D1F,30/03/2023,2109,2109,589,586,0,1
B08P782WRB,28/03/2023,2109,,1122,,0,1
B08P782WRB,29/03/2023,2109,2109,1145,1122,0,1
B08P782WRB,30/03/2023,2109,2109,1147,1145,0,1
B07THKSRL8,28/03/2023,4219,,488,,0,1
B07THKSRL8,29/03/2023,4219,4219,571,488,0,1
B07THKSRL8,30/03/2023,4219,4219,579,571,0,1
B07G5T8MJL,28/03/2023,1879,,708,,0,1
B07G5T8MJL,29/03/2023,1879,1879,731,708,0,1
B07G5T8MJL,30/03/2023,1879,1879,737,731,0,1
B07T9F7NPB,28/03/2023,1188,,780,,0,1
B07T9F7NPB,29/03/2023,1879,1188,803,780,0,1
B07T9F7NPB,30/03/2023,1879,1879,803,803,0,1
B08P788WP7,28/03/2023,1879,,779,,0,1
B08P788WP7,29/03/2023,1879,1879,816,779,0,1
B08P788WP7,30/03/2023,1879,1879,830,816,0,1
B07TDM1QRT,28/03/2023,1639,,1078,,0,1
B07TDM1QRT,29/03/2023,1639,1639,1102,1078,0,1
B07TDM1QRT,30/03/2023,1639,1639,1098,1102,0,1
B07G58MCK2,28/03/2023,3351,,372,,0,1
B07G58MCK2,29/03/2023,,3351,419,372,0,1
B07G58MCK2,30/03/2023,,,430,419,0,1
B08D1G9WHY,28/03/2023,2019,,1285,,0,1
B08D1G9WHY,29/03/2023,2019,2019,1315,1285,0,1
B08D1G9WHY,30/03/2023,2019,2019,1312,1315,0,1
B08D1FMNCV,28/03/2023,1629,,383,,0,1
B08D1FMNCV,29/03/2023,1629,1629,436,383,0,1
B08D1FMNCV,30/03/2023,1629,1629,457,436,0,1
B07TCHH1TP,28/03/2023,4219,,1062,,0,1
B07TCHH1TP,29/03/2023,4219,4219,1101,1062,0,1
B07TCHH1TP,30/03/2023,4219,4219,1103,1101,0,1
B08P77S8G9,28/03/2023,2109,,1232,,0,1
B08P77S8G9,29/03/2023,2109,2109,1260,1232,0,1
B08P77S8G9,30/03/2023,2109,2109,1265,1260,0,1
B08P788V6X,28/03/2023,1169,,424,,0,1
B08P788V6X,29/03/2023,1169,1169,460,424,0,1
B08P788V6X,30/03/2023,1169,1169,456,460,0,1
B07TFQ9VP3,28/03/2023,,,744,,0,1
B07TFQ9VP3,29/03/2023,,,96,744,0,1
B07TFQ9VP3,30/03/2023,,,142,96,0,1
B08D1D724T,28/03/2023,1779,,716,,0,1
B08D1D724T,29/03/2023,1779,1779,732,716,0,1
B08D1D724T,30/03/2023,1779,1779,726,732,0,1
B08P77HX6Y,28/03/2023,2109,,582,,0,1
B08P77HX6Y,29/03/2023,2109,2109,623,582,0,1
B08P77HX6Y,30/03/2023,2109,2109,637,623,0,1
B08QS5F664,28/03/2023,2599,,1184,,0,1
B08QS5F664,29/03/2023,2599,2599,1261,1184,0,1
B08QS5F664,30/03/2023,2599,2599,1287,1261,0,1
B07TCHC6LP,28/03/2023,1639,,323,,0,1
B07TCHC6LP,29/03/2023,1639,1639,455,323,0,1
B07TCHC6LP,30/03/2023,1639,1639,491,455,0,1
B08P77WMP6,28/03/2023,1549,,518,,0,1
B08P77WMP6,29/03/2023,1549,1549,550,518,0,1
B08P77WMP6,30/03/2023,1549,1549,552,550,0,1
B08P78C8TW,28/03/2023,1169,,424,,0,1
B08P78C8TW,29/03/2023,1169,1169,460,424,0,1
B08P78C8TW,30/03/2023,1169,1169,456,460,0,1
B017M102Q6,28/03/2023,11999,,267,,0,1
B017M102Q6,29/03/2023,11999,11999,267,267,0,1
B017M102Q6,30/03/2023,11999,11999,271,267,0,1
B08KH75WX2,28/03/2023,3999,,491,,0,1
B08KH75WX2,29/03/2023,3999,3999,496,491,0,1
B08KH75WX2,30/03/2023,3999,3999,496,496,0,1
B092DPCBW7,28/03/2023,5999,,,,0,1
B092DPCBW7,29/03/2023,5999,5999,,,0,1
B092DPCBW7,30/03/2023,5999,5999,,,0,1
B08262TBCB,28/03/2023,2125,,,,0,1
B08262TBCB,29/03/2023,1999,2125,,,0,1
B08262TBCB,30/03/2023,1999,1999,,,0,1
B0825ZRQBN,28/03/2023,1799,,,,0,1
B0825ZRQBN,29/03/2023,2126,1799,,,0,1
B0825ZRQBN,30/03/2023,1799,2126,,,0,1
B0825ZNP8M,28/03/2023,1523,,,,0,1
B0825ZNP8M,29/03/2023,1999,1523,,,0,1
B0825ZNP8M,30/03/2023,1999,1999,,,0,1
B0826125TQ,28/03/2023,1999,,,,0,1
B0826125TQ,29/03/2023,1999,1999,,,0,1
B0826125TQ,30/03/2023,1999,1999,,,0,1
B07YFYR5BK,28/03/2023,,,51,,0,0
B07YFYR5BK,29/03/2023,,,16,51,0,0
B07YFYR5BK,30/03/2023,,,27,16,0,0
B07CQMHGHX,28/03/2023,4049,,848,,0,1
B07CQMHGHX,29/03/2023,4049,4049,849,848,0,1
B07CQMHGHX,30/03/2023,4049,4049,851,849,0,1
B0825ZPYY6,28/03/2023,1999,,,,0,1
B0825ZPYY6,29/03/2023,1999,1999,,,0,1
B0825ZPYY6,30/03/2023,1999,1999,,,0,1
B07YFRTM82,28/03/2023,4498,,5,,0,1
B07YFRTM82,29/03/2023,4498,4498,11,5,0,1
B07YFRTM82,30/03/2023,4498,4498,23,11,0,1
B07YFRDPBK,28/03/2023,4148,,991,,0,1
B07YFRDPBK,29/03/2023,4148,4148,993,991,0,1
B07YFRDPBK,30/03/2023,4148,4148,994,993,0,1
B0825ZYLSN,28/03/2023,3999,,396,,0,1
B0825ZYLSN,29/03/2023,3999,3999,396,396,0,1
B0825ZYLSN,30/03/2023,3999,3999,396,396,0,1
B0825YZTKL,28/03/2023,2011,,,,0,1
B0825YZTKL,29/03/2023,2125,2011,,,0,1
B0825YZTKL,30/03/2023,2125,2125,,,0,1
B0825ZCVLD,28/03/2023,1999,,,,0,1
B0825ZCVLD,29/03/2023,1999,1999,,,0,1
B0825ZCVLD,30/03/2023,1999,1999,,,0,1
B0825ZVBJ4,28/03/2023,3999,,,,0,1
B0825ZVBJ4,29/03/2023,3999,3999,,,0,1
B0825ZVBJ4,30/03/2023,3999,3999,,,0,1
B08261QVXG,28/03/2023,1799,,,,0,1
B08261QVXG,29/03/2023,1523,1799,,,0,1
B08261QVXG,30/03/2023,1799,1523,,,0,1
B07CQM9WPY,28/03/2023,2498,,537,,0,1
B07CQM9WPY,29/03/2023,2498,2498,536,537,0,1
B07CQM9WPY,30/03/2023,2498,2498,535,536,0,1
B082644BXK,28/03/2023,1799,,,,0,1
B082644BXK,29/03/2023,1799,1799,,,0,1
B082644BXK,30/03/2023,1799,1799,,,0,1
B07YFR5J6B,28/03/2023,3919,,54,,0,1
B07YFR5J6B,29/03/2023,3919,3919,70,54,0,1
B07YFR5J6B,30/03/2023,3889,3919,80,70,0,1
B0825ZPB21,28/03/2023,1999,,1155,,0,1
B0825ZPB21,29/03/2023,1999,1999,1156,1155,0,1
B0825ZPB21,30/03/2023,1999,1999,1157,1156,0,1
B0825ZPW7H,28/03/2023,1967,,,,0,1
B0825ZPW7H,29/03/2023,1967,1967,,,0,1
B0825ZPW7H,30/03/2023,1799,1967,,,0,1
B08261BDBG,28/03/2023,1999,,808,,0,1
B08261BDBG,29/03/2023,1999,1999,809,808,0,1
B08261BDBG,30/03/2023,1999,1999,810,809,0,1
B07J5JYWWJ,28/03/2023,3999,,14,,0,1
B07J5JYWWJ,29/03/2023,3999,3999,24,14,0,1
B07J5JYWWJ,30/03/2023,3999,3999,37,24,0,1
B07YFR4QGT,28/03/2023,3948,,389,,0,1
B07YFR4QGT,29/03/2023,3948,3948,386,389,0,1
B07YFR4QGT,30/03/2023,3948,3948,385,386,0,1
B07YFQXFCN,28/03/2023,3999,,136,,0,1
B07YFQXFCN,29/03/2023,4011,3999,139,136,0,1
B07YFQXFCN,30/03/2023,3999,4011,143,139,0,1
B07J5KF8D2,28/03/2023,3049,,223,,0,1
B07J5KF8D2,29/03/2023,3049,3049,229,223,0,1
B07J5KF8D2,30/03/2023,3049,3049,232,229,0,1
B0825YT4T5,28/03/2023,1523,,,,0,1
B0825YT4T5,29/03/2023,1999,1523,,,0,1
B0825YT4T5,30/03/2023,1999,1999,,,0,1
B07YFQ8H8Q,28/03/2023,3999,,40,,0,1
B07YFQ8H8Q,29/03/2023,3999,3999,15,40,0,1
B07YFQ8H8Q,30/03/2023,3999,3999,12,15,0,1
B0825ZLNZB,28/03/2023,2125,,,,0,1
B0825ZLNZB,29/03/2023,2125,2125,,,0,1
B0825ZLNZB,30/03/2023,2125,2125,,,0,1
B0825YLP56,28/03/2023,1523,,,,0,1
B0825YLP56,29/03/2023,1523,1523,,,0,1
B0825YLP56,30/03/2023,1524,1523,,,0,1
B0825Y1R7V,28/03/2023,1999,,171,,0,1
B0825Y1R7V,29/03/2023,1999,1999,179,171,0,1
B0825Y1R7V,30/03/2023,1999,1999,190,179,0,1
B0825ZWLYY,28/03/2023,2011,,,,0,1
B0825ZWLYY,29/03/2023,2011,2011,,,0,1
B0825ZWLYY,30/03/2023,2011,2011,,,0,1
B07CQQFP8W,28/03/2023,4049,,362,,0,1
B07CQQFP8W,29/03/2023,4049,4049,362,362,0,1
B07CQQFP8W,30/03/2023,4049,4049,359,362,0,1
B07CQM8FH9,28/03/2023,2999,,195,,0,1
B07CQM8FH9,29/03/2023,2999,2999,192,195,0,1
B07CQM8FH9,30/03/2023,2999,2999,194,192,0,1
B07YFR7DBW,28/03/2023,2949,,156,,0,1
B07YFR7DBW,29/03/2023,2949,2949,161,156,0,1
B07YFR7DBW,30/03/2023,2949,2949,165,161,0,1
B0825Z6KZH,28/03/2023,1523,,,,0,1
B0825Z6KZH,29/03/2023,1799,1523,,,0,1
B0825Z6KZH,30/03/2023,1799,1799,,,0,1
B082612H4B,28/03/2023,1999,,,,0,1
B082612H4B,29/03/2023,1999,1999,,,0,1
B082612H4B,30/03/2023,1999,1999,,,0,1
B082619H7T,28/03/2023,1999,,,,0,1
B082619H7T,29/03/2023,1999,1999,,,0,1
B082619H7T,30/03/2023,1999,1999,,,0,1
B07YFRGSY5,28/03/2023,3499,,103,,0,1
B07YFRGSY5,29/03/2023,3499,3499,103,103,0,1
B07YFRGSY5,30/03/2023,3499,3499,105,103,0,1
B082611CH9,28/03/2023,1999,,,,0,1
B082611CH9,29/03/2023,1999,1999,,,0,1
B082611CH9,30/03/2023,1999,1999,,,0,1
B07YFR8QXL,28/03/2023,3149,,463,,0,1
B07YFR8QXL,29/03/2023,3149,3149,466,463,0,1
B07YFR8QXL,30/03/2023,3149,3149,466,466,0,1
B07CPVXJGV,28/03/2023,2999,,1348,,0,1
B07CPVXJGV,29/03/2023,2999,2999,248,1348,0,1
B07CPVXJGV,30/03/2023,2999,2999,397,248,0,1
B07JPR1BXB,28/03/2023,5749,,,,0,1
B07JPR1BXB,29/03/2023,5749,5749,,,0,1
B07JPR1BXB,30/03/2023,5749,5749,,,0,1
B0825ZWZDP,28/03/2023,2125,,,,0,1
B0825ZWZDP,29/03/2023,2125,2125,,,0,1
B0825ZWZDP,30/03/2023,2125,2125,,,0,1
B07YFQ1LYB,28/03/2023,4498,,175,,0,1
B07YFQ1LYB,29/03/2023,4498,4498,174,175,0,1
B07YFQ1LYB,30/03/2023,4498,4498,177,174,0,1
B07NC38DS2,28/03/2023,4209,,50,,0,1
B07NC38DS2,29/03/2023,4197,4209,46,50,0,1
B07NC38DS2,30/03/2023,4209,4197,51,46,0,1
B07PS4JQYQ,28/03/2023,4683,,,,0,1
B07PS4JQYQ,29/03/2023,4683,4683,,,0,1
B07PS4JQYQ,30/03/2023,4683,4683,,,0,0
B082612LKH,28/03/2023,1999,,693,,0,1
B082612LKH,29/03/2023,1999,1999,694,693,0,1
B082612LKH,30/03/2023,1999,1999,696,694,0,1
B07G5SLS9K,28/03/2023,5999,,,,0,1
B07G5SLS9K,29/03/2023,5999,5999,,,0,1
B07G5SLS9K,30/03/2023,5999,5999,,,0,1
B07G591YJW,28/03/2023,10449,,790,,0,1
B07G591YJW,29/03/2023,10449,10449,792,790,0,1
B07G591YJW,30/03/2023,10449,10449,793,792,0,1
B07G5QKBC7,28/03/2023,,,349,,0,1
B07G5QKBC7,29/03/2023,,,347,349,0,1
B07G5QKBC7,30/03/2023,,,348,347,0,1
B07G5LBTWM,28/03/2023,5999,,4913,,0,1
B07G5LBTWM,29/03/2023,5999,5999,4971,4913,0,1
B07G5LBTWM,30/03/2023,5999,5999,4948,4971,0,1
B07G5SR8Y2,28/03/2023,5999,,1106,,0,1
B07G5SR8Y2,29/03/2023,5999,5999,1247,1106,0,1
B07G5SR8Y2,30/03/2023,5999,5999,1249,1247,0,1
B07G594NZ9,28/03/2023,5966,,247,,0,1
B07G594NZ9,29/03/2023,5966,5966,245,247,0,1
B07G594NZ9,30/03/2023,5966,5966,246,245,0,1
