ASIN,Date,Lowest Selling Price,Highest Selling Price,Last Known Lowest Selling Price,Last Known Highest Selling Price,BSR,Last Known BSR,Estimated Sales,Availability
B09VRXC7MK,2023-01-31,,,2524.0,2953.0,,,0.0,1.0
B09VRXC7MK,2023-02-01,2524.0,2953.0,2524.0,2953.0,,,0.0,1.0
B09VRVNFZ2,2023-01-31,,,2677.0,2898.0,14345.0,,0.0,1.0
B09VRVNFZ2,2023-02-01,2677.0,2898.0,2677.0,2898.0,15236.0,14345.0,0.0,1.0
B099X7WJC7,2023-01-31,1174.0,1174.0,1174.0,1174.0,32923.0,,0.0,1.0
B099X7WJC7,2023-02-01,1174.0,1174.0,1174.0,1174.0,33486.0,32923.0,0.0,1.0
B099J4L5FP,2023-01-31,4990.0,4990.0,4990.0,4990.0,,,0.0,1.0
B099J4L5FP,2023-02-01,4990.0,4990.0,4990.0,4990.0,,,0.0,1.0
B09VRR36SL,2023-01-31,,,4560.0,4638.0,73628.0,,0.0,1.0
B09VRR36SL,2023-02-01,4560.0,4638.0,4560.0,4638.0,74268.0,73628.0,0.0,1.0
B09S3NY3NP,2023-01-31,2411.0,2411.0,2411.0,2411.0,23305.0,,0.0,1.0
B09S3NY3NP,2023-02-01,2411.0,2411.0,2411.0,2411.0,24420.0,23305.0,0.0,1.0
B09VRSPB2L,2023-01-31,,,1265.0,1347.0,7460.0,,0.0,1.0
B09VRSPB2L,2023-02-01,1265.0,1347.0,1265.0,1347.0,8728.0,7460.0,0.0,1.0
B09SY4DKCP,2023-01-31,,,1456.0,1666.0,,,0.0,1.0
B09SY4DKCP,2023-02-01,1456.0,1666.0,1456.0,1666.0,,,0.0,1.0
B09VS4D4M6,2023-01-31,,,2983.0,3223.0,6207.0,,0.0,1.0
B09VS4D4M6,2023-02-01,2983.0,3223.0,2983.0,3223.0,7434.0,6207.0,0.0,1.0
B09VS5R43G,2023-01-31,,,1355.0,1477.0,99014.0,,0.0,1.0
B09VS5R43G,2023-02-01,1355.0,1477.0,1355.0,1477.0,99050.0,99014.0,0.0,1.0
B099JWLT4R,2023-01-31,,,609.0,988.0,9649.0,,0.0,1.0
B099JWLT4R,2023-02-01,609.0,988.0,609.0,988.0,2786.0,9649.0,0.0,1.0
B09TPN6LM6,2023-01-31,,,6251.0,7061.0,40116.0,,0.0,1.0
B09TPN6LM6,2023-02-01,6251.0,7061.0,6251.0,7061.0,40664.0,40116.0,0.0,1.0
B099JHJBT3,2023-01-31,,,3417.0,3417.0,,,0.0,1.0
B099JHJBT3,2023-02-01,3417.0,3417.0,3417.0,3417.0,,,0.0,1.0
B09TPNFWK7,2023-01-31,,,1635.0,1723.0,7409.0,,0.0,1.0
B09TPNFWK7,2023-02-01,1635.0,1723.0,1635.0,1723.0,8782.0,7409.0,0.0,1.0
B09SFYVRCY,2023-01-31,,,1152.0,1153.0,19900.0,,0.0,1.0
B09SFYVRCY,2023-02-01,1152.0,1153.0,1152.0,1153.0,21199.0,19900.0,0.0,1.0
B09VRVM443,2023-01-31,,,850.26,1308.0,23974.0,,0.0,1.0
B09VRVM443,2023-02-01,850.0,1308.0,850.26,1308.0,24344.0,23974.0,0.0,1.0
B09VYBLT9D,2023-01-31,,,2097.0,2242.0,45420.0,,0.0,1.0
B09VYBLT9D,2023-02-01,2097.0,2242.0,2097.0,2242.0,45780.0,45420.0,0.0,1.0
B09VRRVV79,2023-01-31,,,4638.0,4969.0,4048.0,,0.0,1.0
B09VRRVV79,2023-02-01,4638.0,4969.0,4638.0,4969.0,4112.0,4048.0,0.0,1.0
B09VS5H5WD,2023-01-31,,,1477.0,1477.0,29464.0,,0.0,1.0
B09VS5H5WD,2023-02-01,1477.0,1477.0,1477.0,1477.0,30031.0,29464.0,0.0,1.0
B09S338P67,2023-01-31,,,1289.0,1443.0,14342.0,,0.0,1.0
B09S338P67,2023-02-01,1298.0,1449.0,1289.0,1443.0,15220.0,14342.0,0.0,1.0
B09TPPQHFV,2023-01-31,,,1757.0,1848.0,12244.0,,0.0,1.0
B09TPPQHFV,2023-02-01,1757.0,1848.0,1757.0,1848.0,13232.0,12244.0,0.0,1.0
B099JRXK5C,2023-01-31,,,1110.0,1110.0,8996.0,,0.0,1.0
B099JRXK5C,2023-02-01,1110.0,1110.0,1110.0,1110.0,10026.0,8996.0,0.0,1.0
B09VSCGWC4,2023-01-31,,,2411.0,2540.0,80972.0,,0.0,1.0
B09VSCGWC4,2023-02-01,2411.0,2540.0,2411.0,2540.0,81752.0,80972.0,0.0,1.0
B09VS1R258,2023-01-31,,,2915.0,2916.0,5624.0,,0.0,1.0
B09VS1R258,2023-02-01,2915.0,2916.0,2915.0,2916.0,7036.0,5624.0,0.0,1.0
B09SVCVRLM,2023-01-31,,,2478.0,2814.0,14602.0,,0.0,1.0
B09SVCVRLM,2023-02-01,2478.0,2814.0,2478.0,2814.0,8646.0,14602.0,0.0,1.0
B099J9VQN8,2023-01-31,,,769.0,769.0,9330.0,,0.0,1.0
B099J9VQN8,2023-02-01,769.0,769.0,769.0,769.0,10509.0,9330.0,0.0,1.0
B09VRPWNWZ,2023-01-31,,,2524.0,2897.0,13280.0,,0.0,1.0
B09VRPWNWZ,2023-02-01,2524.0,2897.0,2524.0,2897.0,14274.0,13280.0,0.0,1.0
B09VRR7QDZ,2023-01-31,,,4244.0,4791.0,80009.0,,0.0,1.0
B09VRR7QDZ,2023-02-01,4244.0,4791.0,4244.0,4791.0,80840.0,80009.0,0.0,1.0
B09VYDVY1D,2023-01-31,,,2334.0,2486.0,11074.0,,0.0,1.0
B09VYDVY1D,2023-02-01,2334.0,2486.0,2334.0,2486.0,12264.0,11074.0,0.0,1.0
B09SY2C649,2023-01-31,,,3159.0,3998.0,68778.0,,0.0,1.0
B09SY2C649,2023-02-01,3159.0,3998.0,3159.0,3998.0,69242.0,68778.0,0.0,1.0
B09VRTHWYD,2023-01-31,,,1537.0,1632.0,20330.0,,0.0,1.0
B09VRTHWYD,2023-02-01,1537.0,1632.0,1537.0,1632.0,21042.0,20330.0,0.0,1.0
B09TPMMH6L,2023-01-31,,,1968.0,2664.0,12206.0,,0.0,1.0
B09TPMMH6L,2023-02-01,1968.0,2664.0,1968.0,2664.0,13127.0,12206.0,0.0,1.0
B099JB8KMQ,2023-01-31,,,3636.0,3636.0,121609.0,,0.0,1.0
B099JB8KMQ,2023-02-01,3636.0,3636.0,3636.0,3636.0,121662.0,121609.0,0.0,1.0
B09VS6SJB2,2023-01-31,,,1171.0,1238.0,8434.0,,0.0,1.0
B09VS6SJB2,2023-02-01,1171.0,1238.0,1171.0,1238.0,9713.0,8434.0,0.0,1.0
B09S3NHBLJ,2023-01-31,3999.0,3999.0,3999.0,3999.0,6220.0,,0.0,1.0
B09S3NHBLJ,2023-02-01,3999.0,3999.0,3999.0,3999.0,7572.0,6220.0,0.0,1.0
B09S3PLKX7,2023-01-31,,,2485.0,2750.69,11765.0,,0.0,1.0
B09S3PLKX7,2023-02-01,2485.0,2751.0,2485.0,2750.69,12910.0,11765.0,0.0,1.0
B09S3N8XBK,2023-01-31,,,1545.0,1682.0,11576.0,,0.0,1.0
B09S3N8XBK,2023-02-01,1545.0,1682.0,1545.0,1682.0,12401.0,11576.0,0.0,1.0
B09VSDKN9B,2023-01-31,,,2573.0,2722.0,8001.0,,0.0,1.0
B09VSDKN9B,2023-02-01,2573.0,2722.0,2573.0,2722.0,9352.0,8001.0,0.0,1.0
B09VRQNZ5W,2023-01-31,,,3116.0,3227.0,93792.0,,0.0,1.0
B09VRQNZ5W,2023-02-01,3116.0,3227.0,3116.0,3227.0,94428.0,93792.0,0.0,1.0
B09SY35CJ3,2023-01-31,,,1225.0,1574.0,4690.0,,0.0,1.0
B09SY35CJ3,2023-02-01,1225.0,1574.0,1225.0,1574.0,5884.0,4690.0,0.0,1.0
B09VYF8VJK,2023-01-31,,,2334.0,2458.0,16211.0,,0.0,1.0
B09VYF8VJK,2023-02-01,2334.0,2458.0,2334.0,2458.0,16772.0,16211.0,0.0,1.0
B09VRWLG9F,2023-01-31,,,5403.0,5702.0,,,0.0,1.0
B09VRWLG9F,2023-02-01,5403.0,5702.0,5403.0,5702.0,,,0.0,1.0
B09VS3VW56,2023-01-31,,,2585.0,2724.0,27082.0,,0.0,1.0
B09VS3VW56,2023-02-01,2585.0,2724.0,2585.0,2724.0,27824.0,27082.0,0.0,1.0
B09VRMY2SJ,2023-01-31,,,2418.0,2578.0,14259.0,,0.0,1.0
B09VRMY2SJ,2023-02-01,2418.0,2578.0,2418.0,2578.0,15422.0,14259.0,0.0,1.0
B09VRN8LBR,2023-01-31,,,2334.0,2485.0,16211.0,,0.0,1.0
B09VRN8LBR,2023-02-01,2334.0,2485.0,2334.0,2485.0,16772.0,16211.0,0.0,1.0
B09SY2QMH4,2023-01-31,,,1633.0,1749.0,,,0.0,1.0
B09SY2QMH4,2023-02-01,1544.0,1749.0,1633.0,1749.0,,,0.0,1.0
B09VYD9SHG,2023-01-31,,,1725.0,1768.0,17540.0,,0.0,1.0
B09VYD9SHG,2023-02-01,1725.0,1768.0,1725.0,1768.0,17866.0,17540.0,0.0,1.0
B09SY3ZJ5W,2023-01-31,,,1379.0,1644.0,27430.0,,0.0,1.0
B09SY3ZJ5W,2023-02-01,1379.0,1644.0,1379.0,1644.0,28184.0,27430.0,0.0,1.0
B09S3N42GT,2023-01-31,,,2082.0,2359.0,12354.0,,0.0,1.0
B09S3N42GT,2023-02-01,2082.0,2359.0,2082.0,2359.0,3296.0,12354.0,0.0,1.0
B09TPKMS7H,2023-01-31,,,1225.0,1406.0,4690.0,,0.0,1.0
B09TPKMS7H,2023-02-01,1225.0,1406.0,1225.0,1406.0,5884.0,4690.0,0.0,1.0
B09TPP6CHD,2023-01-31,,,2551.0,2699.0,31104.0,,0.0,1.0
B09TPP6CHD,2023-02-01,2551.0,2875.0,2551.0,2699.0,3669.0,31104.0,0.0,1.0
B09VS7MP34,2023-01-31,,,2073.0,2185.0,71792.0,,0.0,1.0
B09VS7MP34,2023-02-01,2073.0,2185.0,2073.0,2185.0,71844.0,71792.0,0.0,1.0
B09VSGLN8W,2023-01-31,,,1355.0,1429.0,2850.0,,0.0,1.0
B09VSGLN8W,2023-02-01,1355.0,1429.0,1355.0,1429.0,4886.0,2850.0,0.0,1.0
B09SVCCDBZ,2023-01-31,,,2193.0,2313.0,15437.0,,0.0,1.0
B09SVCCDBZ,2023-02-01,2193.0,2313.0,2193.0,2313.0,16631.0,15437.0,0.0,1.0
B09VRRK6FS,2023-01-31,,,2592.0,2593.0,5895.0,,0.0,1.0
B09VRRK6FS,2023-02-01,2592.0,2593.0,2592.0,2593.0,7320.0,5895.0,0.0,1.0
B09S3P5PMM,2023-01-31,,,2717.0,2717.0,9484.0,,0.0,1.0
B09S3P5PMM,2023-02-01,2717.0,2717.0,2717.0,2717.0,10643.0,9484.0,0.0,1.0
B09SFYNW93,2023-01-31,,,2529.0,2924.0,,,0.0,1.0
B09SFYNW93,2023-02-01,2529.0,2924.0,2529.0,2924.0,,,0.0,1.0
B09TPKLT69,2023-01-31,,,2951.0,3744.0,17088.0,,0.0,1.0
B09TPKLT69,2023-02-01,2951.0,3744.0,2951.0,3744.0,10620.0,17088.0,0.0,1.0
B09SY2KFCH,2023-01-31,,,2561.0,3346.0,34331.0,,0.0,1.0
B09SY2KFCH,2023-02-01,2561.0,3346.0,2561.0,3346.0,34708.0,34331.0,0.0,1.0
B09VS5Y868,2023-01-31,,,3626.0,3885.0,15458.0,,0.0,1.0
B09VS5Y868,2023-02-01,3626.0,3885.0,3626.0,3885.0,16672.0,15458.0,0.0,1.0
B09VRSTVRF,2023-01-31,,,2524.0,2897.0,13280.0,,0.0,1.0
B09VRSTVRF,2023-02-01,2524.0,2897.0,2524.0,2897.0,14274.0,13280.0,0.0,1.0
B09VS262LC,2023-01-31,,,1886.0,1987.0,13662.0,,0.0,1.0
B09VS262LC,2023-02-01,1886.0,1987.0,1886.0,1987.0,14790.0,13662.0,0.0,1.0
B09VRWHXWT,2023-01-31,,,1729.0,1730.0,26783.0,,0.0,1.0
B09VRWHXWT,2023-02-01,1686.0,1730.0,1729.0,1730.0,27525.0,26783.0,0.0,1.0
B09VRR6FRR,2023-01-31,,,2983.0,3143.0,9396.0,,0.0,1.0
B09VRR6FRR,2023-02-01,2983.0,3143.0,2983.0,3143.0,10577.0,9396.0,0.0,1.0
B09VRRFP9W,2023-01-31,,,5741.0,6624.0,,,0.0,1.0
B09VRRFP9W,2023-02-01,5741.0,6624.0,5741.0,6624.0,,,0.0,1.0
B09VS7FTM4,2023-01-31,1715.0,1715.0,1715.0,1715.0,9846.0,,0.0,1.0
B09VS7FTM4,2023-02-01,1715.0,1715.0,1715.0,1715.0,10898.0,9846.0,0.0,1.0
B09VRWLGKY,2023-01-31,,,3512.0,4590.0,14386.0,,0.0,1.0
B09VRWLGKY,2023-02-01,4051.0,4590.0,3512.0,4590.0,8427.0,14386.0,0.0,1.0
B09VRZ4CT7,2023-01-31,,,1428.0,1482.0,8726.0,,0.0,1.0
B09VRZ4CT7,2023-02-01,1428.0,1482.0,1428.0,1482.0,9954.0,8726.0,0.0,1.0
B09SY31Z22,2023-01-31,,,1001.0,1089.0,22634.0,,0.0,1.0
B09SY31Z22,2023-02-01,1001.0,1089.0,1001.0,1089.0,23278.0,22634.0,0.0,1.0
B09SY2TP29,2023-01-31,,,3888.0,4942.0,26242.0,,0.0,1.0
B09SY2TP29,2023-02-01,3888.0,4942.0,3888.0,4942.0,27146.0,26242.0,0.0,1.0
B09S3MVNCY,2023-01-31,,,1362.0,1605.0,6002.0,,0.0,1.0
B09S3MVNCY,2023-02-01,1362.0,1605.0,1362.0,1605.0,2932.0,6002.0,0.0,1.0
B09VRWBKFS,2023-01-31,,,2066.0,2067.0,34930.0,,0.0,1.0
B09VRWBKFS,2023-02-01,2066.0,2067.0,2066.0,2067.0,35558.0,34930.0,0.0,1.0
B09VRYQY18,2023-01-31,,,2835.0,2992.0,18634.0,,0.0,1.0
B09VRYQY18,2023-02-01,2835.0,2992.0,2835.0,2992.0,19236.0,18634.0,0.0,1.0
B09VRPYHD1,2023-01-31,,,1987.0,2094.0,36244.0,,0.0,1.0
B09VRPYHD1,2023-02-01,1987.0,2094.0,1987.0,2094.0,36870.0,36244.0,0.0,1.0
B09SY39BSN,2023-01-31,,,1225.0,1295.0,10450.0,,0.0,1.0
B09SY39BSN,2023-02-01,1225.0,1295.0,1225.0,1295.0,11669.0,10450.0,0.0,1.0
B09VRT9J88,2023-01-31,,,2231.0,2261.0,37032.0,,0.0,1.0
B09VRT9J88,2023-02-01,2231.0,2261.0,2231.0,2261.0,37626.0,37032.0,0.0,1.0
B09VRVSWL6,2023-01-31,,,1356.0,1484.0,6172.0,,0.0,1.0
B09VRVSWL6,2023-02-01,1356.0,1484.0,1356.0,1484.0,7554.0,6172.0,0.0,1.0
B09VS6S3WD,2023-01-31,,,2517.0,3290.0,19074.0,,0.0,1.0
B09VS6S3WD,2023-02-01,2517.0,2906.0,2517.0,3290.0,19434.0,19074.0,0.0,1.0
B09TPN98WB,2023-01-31,,,1757.0,1848.0,12244.0,,0.0,1.0
B09TPN98WB,2023-02-01,1757.0,1848.0,1757.0,1848.0,13232.0,12244.0,0.0,1.0
B09TPM7Z1K,2023-01-31,,,2551.0,2699.0,31104.0,,0.0,1.0
B09TPM7Z1K,2023-02-01,2551.0,2875.0,2551.0,2699.0,3669.0,31104.0,0.0,1.0
B099JHT3JZ,2023-01-31,541.0,541.0,541.0,541.0,9649.0,,0.0,1.0
B099JHT3JZ,2023-02-01,541.0,541.0,541.0,541.0,2786.0,9649.0,0.0,1.0
B09S3PGKY7,2023-01-31,,,2488.0,2497.0,14602.0,,0.0,1.0
B09S3PGKY7,2023-02-01,2488.0,2497.0,2488.0,2497.0,8646.0,14602.0,0.0,1.0
B09VRY5SMX,2023-01-31,,,6237.0,6851.0,6905.0,,0.0,1.0
B09VRY5SMX,2023-02-01,6237.0,6851.0,6237.0,6851.0,6919.0,6905.0,0.0,1.0
B09VYDPQRD,2023-01-31,,,2334.0,2458.0,16211.0,,0.0,1.0
B09VYDPQRD,2023-02-01,2334.0,2458.0,2334.0,2458.0,16772.0,16211.0,0.0,1.0
B09S3BQ2PB,2023-01-31,,,1289.0,1443.0,14342.0,,0.0,1.0
B09S3BQ2PB,2023-02-01,1298.0,1449.0,1289.0,1443.0,15220.0,14342.0,0.0,1.0
B09VS4KSJW,2023-01-31,,,1261.0,1333.0,29876.0,,0.0,1.0
B09VS4KSJW,2023-02-01,1261.0,1333.0,1261.0,1333.0,30387.0,29876.0,0.0,1.0
B09VRXCVWT,2023-01-31,,,1355.0,1468.0,7798.0,,0.0,1.0
B09VRXCVWT,2023-02-01,1355.0,1468.0,1355.0,1468.0,9112.0,7798.0,0.0,1.0
B09VRSQKDX,2023-01-31,,,826.85,1039.0,71604.0,,0.0,1.0
B09VRSQKDX,2023-02-01,827.0,1039.0,826.85,1039.0,71648.0,71604.0,0.0,1.0
B0BFX92341,2023-01-31,,,2369.0,2369.0,,,0.0,1.0
B0BFX92341,2023-02-01,2369.0,2369.0,2369.0,2369.0,,,0.0,1.0
B09S3QDRK2,2023-01-31,,,1968.0,2360.0,55176.0,,0.0,1.0
B09S3QDRK2,2023-02-01,1968.0,2360.0,1968.0,2360.0,55496.0,55176.0,0.0,1.0
B09VS143WN,2023-01-31,,,2592.0,2593.0,5895.0,,0.0,1.0
B09VS143WN,2023-02-01,2588.0,2663.0,2592.0,2593.0,7250.0,5895.0,0.0,1.0
B09VS8MPVK,2023-01-31,,,1266.0,1369.0,29543.0,,0.0,1.0
B09VS8MPVK,2023-02-01,1266.0,1369.0,1266.0,1369.0,30036.0,29543.0,0.0,1.0
B09VS9J582,2023-01-31,,,2677.0,2898.0,14345.0,,0.0,1.0
B09VS9J582,2023-02-01,2677.0,2898.0,2677.0,2898.0,15236.0,14345.0,0.0,1.0
B09VS3VWLQ,2023-01-31,,,2835.0,2992.0,18634.0,,0.0,1.0
B09VS3VWLQ,2023-02-01,2835.0,2992.0,2835.0,2992.0,19236.0,18634.0,0.0,1.0
B09VS35LRJ,2023-01-31,,,3822.0,3834.0,5780.0,,0.0,1.0
B09VS35LRJ,2023-02-01,3822.0,3834.0,3822.0,3834.0,7419.0,5780.0,0.0,1.0
B09S3NH2XS,2023-01-31,,,1972.0,2545.0,12354.0,,0.0,1.0
B09S3NH2XS,2023-02-01,1972.0,2545.0,1972.0,2545.0,3296.0,12354.0,0.0,1.0
B09VY9GK6T,2023-01-31,2593.0,2593.0,2593.0,2593.0,5895.0,,0.0,1.0
B09VY9GK6T,2023-02-01,2593.0,2593.0,2593.0,2593.0,7320.0,5895.0,0.0,1.0
B09VS1N4W1,2023-01-31,,,1729.0,1730.0,26783.0,,0.0,1.0
B09VS1N4W1,2023-02-01,1729.0,1730.0,1729.0,1730.0,26783.0,26783.0,0.0,1.0
B09TPNXTFP,2023-01-31,,,3936.0,4087.0,14532.0,,0.0,1.0
B09TPNXTFP,2023-02-01,3936.0,4087.0,3936.0,4087.0,15466.0,14532.0,0.0,1.0
B09S3MVYG4,2023-01-31,,,2572.0,2730.0,39966.0,,0.0,1.0
B09S3MVYG4,2023-02-01,2572.0,2730.0,2572.0,2730.0,40598.0,39966.0,0.0,1.0
B09VRTDCF2,2023-01-31,,,3512.0,3514.0,13315.0,,0.0,1.0
B09VRTDCF2,2023-02-01,3512.0,3514.0,3512.0,3514.0,14324.0,13315.0,0.0,1.0
B09VRY21BN,2023-01-31,,,5018.0,5286.0,11066.0,,0.0,1.0
B09VRY21BN,2023-02-01,5018.0,5286.0,5018.0,5286.0,12114.0,11066.0,0.0,1.0
B09VRTH51K,2023-01-31,,,3060.0,3224.0,51917.0,,0.0,1.0
B09VRTH51K,2023-02-01,3060.0,3224.0,3060.0,3224.0,51917.0,51917.0,0.0,1.0
B09TPKC78Q,2023-01-31,,,2951.0,3744.0,17088.0,,0.0,1.0
B09TPKC78Q,2023-02-01,2951.0,3744.0,2951.0,3744.0,10620.0,17088.0,0.0,1.0
B09VS4G8X8,2023-01-31,2152.0,2152.0,2152.0,2152.0,35142.0,,0.0,1.0
B09VS4G8X8,2023-02-01,2152.0,2152.0,2152.0,2152.0,35828.0,35142.0,0.0,1.0
B09GPBL93S,2023-01-31,3977.0,3977.0,3977.0,3977.0,,,0.0,1.0
B09GPBL93S,2023-02-01,3977.0,3977.0,3977.0,3977.0,,,0.0,1.0
B09VRX9XZH,2023-01-31,2815.0,2815.0,2815.0,2815.0,110908.0,,0.0,1.0
B09VRX9XZH,2023-02-01,2815.0,2815.0,2815.0,2815.0,111050.0,110908.0,0.0,1.0
B0BM6PV95M,2023-01-31,,,7869.0,7869.0,41935.0,,0.0,1.0
B0BM6PV95M,2023-02-01,8434.0,8434.0,7869.0,7869.0,42694.0,41935.0,0.0,1.0
B09VYG9LRF,2023-01-31,,,2593.0,2732.0,57692.0,,0.0,1.0
B09VYG9LRF,2023-02-01,2593.0,2732.0,2593.0,2732.0,58022.0,57692.0,0.0,1.0
B09TPMZMVL,2023-01-31,,,6251.0,7061.0,40116.0,,0.0,1.0
B09TPMZMVL,2023-02-01,6251.0,7061.0,6251.0,7061.0,40664.0,40116.0,0.0,1.0
B09S3PPNGK,2023-01-31,,,1362.0,1605.0,6002.0,,0.0,1.0
B09S3PPNGK,2023-02-01,1362.0,1605.0,1362.0,1605.0,2932.0,6002.0,0.0,1.0
B09VS2MPT4,2023-01-31,,,2983.0,3223.0,6207.0,,0.0,1.0
B09VS2MPT4,2023-02-01,2983.0,3223.0,2983.0,3223.0,7434.0,6207.0,0.0,1.0
B09VS198VB,2023-01-31,,,2576.0,2585.0,9178.0,,0.0,1.0
B09VS198VB,2023-02-01,2576.0,2585.0,2576.0,2585.0,10300.0,9178.0,0.0,1.0
B09S3NBLNH,2023-01-31,,,1376.0,1559.0,11576.0,,0.0,1.0
B09S3NBLNH,2023-02-01,1376.0,1559.0,1376.0,1559.0,12401.0,11576.0,0.0,1.0
B09SY5MDF6,2023-01-31,,,1456.0,1534.0,16778.0,,0.0,1.0
B09SY5MDF6,2023-02-01,1456.0,1534.0,1456.0,1534.0,16782.0,16778.0,0.0,1.0
B09SY68X2S,2023-01-31,1530.0,1530.0,1530.0,1530.0,,,0.0,1.0
B09SY68X2S,2023-02-01,1530.0,1530.0,1530.0,1530.0,,,0.0,1.0
B09VS19JPS,2023-01-31,5631.0,5631.0,5631.0,5631.0,,,0.0,1.0
B09VS19JPS,2023-02-01,5631.0,5631.0,5631.0,5631.0,,,0.0,1.0
B09VR8WPNH,2023-01-31,1442.0,1442.0,1442.0,1442.0,,,0.0,1.0
B09VR8WPNH,2023-02-01,1442.0,1442.0,1442.0,1442.0,,,0.0,1.0
B09VRHWJCX,2023-01-31,,,1442.0,1520.0,,,0.0,1.0
B09VRHWJCX,2023-02-01,1442.0,1520.0,1442.0,1520.0,,,0.0,1.0
B09VRCS6SP,2023-01-31,1614.0,1614.0,1614.0,1614.0,5421.0,,0.0,1.0
B09VRCS6SP,2023-02-01,1614.0,1614.0,1614.0,1614.0,5421.0,5421.0,0.0,1.0
B09VS8MP9W,2023-01-31,,,3550.0,3747.0,113893.0,,0.0,1.0
B09VS8MP9W,2023-02-01,3550.0,3747.0,3550.0,3747.0,113983.0,113893.0,0.0,1.0
B09VS143JM,2023-01-31,,,1886.0,2307.0,,,0.0,1.0
B09VS143JM,2023-02-01,1886.0,2307.0,1886.0,2307.0,,,0.0,1.0
B07SXG98HX,2023-01-31,,,1529.0,1619.0,2876.0,,0.0,1.0
B07SXG98HX,2023-02-01,1529.0,1619.0,1529.0,1619.0,2392.0,2876.0,0.0,1.0
B08T1KTZST,2023-01-31,828.0,828.0,828.0,828.0,2738.0,,0.0,1.0
B08T1KTZST,2023-02-01,828.0,828.0,828.0,828.0,3550.0,2738.0,0.0,1.0
B09S6PK96M,2023-01-31,,,764.44,809.0,2869.0,,0.0,1.0
B09S6PK96M,2023-02-01,764.0,809.0,764.44,809.0,2391.0,2869.0,0.0,1.0
B098XB17D4,2023-01-31,,,1499.0,1499.0,2322.0,,0.0,1.0
B098XB17D4,2023-02-01,1499.0,1499.0,1499.0,1499.0,2584.0,2322.0,0.0,1.0
B08358ST4J,2023-01-31,1560.0,1560.0,1560.0,1560.0,8763.0,,0.0,1.0
B08358ST4J,2023-02-01,1560.0,1560.0,1560.0,1560.0,9296.0,8763.0,0.0,1.0
B08359NKHY,2023-01-31,1149.0,1149.0,1149.0,1149.0,5562.0,,0.0,1.0
B08359NKHY,2023-02-01,1149.0,1149.0,1149.0,1149.0,6293.0,5562.0,0.0,1.0
B09PRVGCNH,2023-01-31,,,809.0,879.0,2261.0,,0.0,1.0
B09PRVGCNH,2023-02-01,809.0,879.0,809.0,879.0,1812.0,2261.0,0.0,1.0
B07V5GDXK5,2023-01-31,,,1034.0,1193.0,5114.0,,0.0,1.0
B07V5GDXK5,2023-02-01,1034.0,1193.0,1034.0,1193.0,6346.0,5114.0,0.0,1.0
B0B5ZC28B4,2023-01-31,,,1399.0,2799.0,10674.0,,0.0,1.0
B0B5ZC28B4,2023-02-01,1399.0,2799.0,1399.0,2799.0,11875.0,10674.0,0.0,1.0
B09NP55J9T,2023-01-31,,,954.04,999.0,5768.0,,0.0,1.0
B09NP55J9T,2023-02-01,954.0,999.0,954.04,999.0,1985.0,5768.0,0.0,1.0
B08T19J9N4,2023-01-31,,,958.65,1239.0,7180.0,,0.0,1.0
B08T19J9N4,2023-02-01,959.0,1239.0,958.65,1239.0,8422.0,7180.0,0.0,1.0
B09NP6YJP4,2023-01-31,2000.0,2000.0,2000.0,2000.0,532.0,,0.0,1.0
B09NP6YJP4,2023-02-01,2000.0,2000.0,2000.0,2000.0,656.0,532.0,0.0,1.0
B09NP7471B,2023-01-31,,,1619.0,1779.0,6817.0,,0.0,1.0
B09NP7471B,2023-02-01,1619.0,1779.0,1619.0,1779.0,2958.0,6817.0,0.0,1.0
B08T25J1V8,2023-01-31,,,719.26,809.0,8294.0,,0.0,1.0
B08T25J1V8,2023-02-01,719.0,809.0,719.26,809.0,9485.0,8294.0,0.0,1.0
B09NP6NWRC,2023-01-31,,,2925.48,3148.0,3696.0,,0.0,1.0
B09NP6NWRC,2023-02-01,2925.0,3148.0,2925.48,3148.0,3388.0,3696.0,0.0,1.0
B07SXCDC5Y,2023-01-31,,,679.0,709.0,6446.0,,0.0,1.0
B07SXCDC5Y,2023-02-01,679.0,709.0,679.0,709.0,7342.0,6446.0,0.0,1.0
B0957SPNDT,2023-01-31,929.0,929.0,929.0,929.0,7111.0,,0.0,1.0
B0957SPNDT,2023-02-01,929.0,929.0,929.0,929.0,8018.0,7111.0,0.0,1.0
B09D78QLT8,2023-01-31,,,1279.05,1499.0,7338.0,,0.0,1.0
B09D78QLT8,2023-02-01,1279.0,1499.0,1279.05,1499.0,3054.0,7338.0,0.0,1.0
B0957RJW5Z,2023-01-31,,,889.0,889.0,6708.0,,0.0,1.0
B0957RJW5Z,2023-02-01,889.0,889.0,889.0,889.0,8055.0,6708.0,0.0,1.0
B07MHXGXTW,2023-01-31,,,679.36,799.0,5115.0,,0.0,1.0
B07MHXGXTW,2023-02-01,679.0,799.0,679.36,799.0,5115.0,5115.0,0.0,1.0
B07V6CZZTL,2023-01-31,1199.0,1199.0,1199.0,1199.0,8064.0,,0.0,1.0
B07V6CZZTL,2023-02-01,1199.0,1199.0,1199.0,1199.0,8692.0,8064.0,0.0,1.0
B08T1MGD5M,2023-01-31,,,1279.0,1419.0,9690.0,,0.0,1.0
B08T1MGD5M,2023-02-01,1279.0,1419.0,1279.0,1419.0,10404.0,9690.0,0.0,1.0
B08T1ZC9PQ,2023-01-31,,,560.0,560.0,4173.0,,0.0,1.0
B08T1ZC9PQ,2023-02-01,730.0,730.0,560.0,560.0,5400.0,4173.0,0.0,1.0
B08T17SWJP,2023-01-31,,,800.11,989.0,7936.0,,0.0,1.0
B08T17SWJP,2023-02-01,800.0,944.0,800.11,989.0,8474.0,7936.0,0.0,1.0
B09NP6NXK5,2023-01-31,,,2499.0,2969.0,2832.0,,0.0,1.0
B09NP6NXK5,2023-02-01,2499.0,2969.0,2499.0,2969.0,1262.0,2832.0,0.0,1.0
B09NP7PQJ6,2023-01-31,1239.0,1239.0,1239.0,1239.0,9767.0,,0.0,1.0
B09NP7PQJ6,2023-02-01,1239.0,1239.0,1239.0,1239.0,10851.0,9767.0,0.0,1.0
B0B5Z6J5VN,2023-01-31,,,1399.0,2599.0,6058.0,,0.0,1.0
B0B5Z6J5VN,2023-02-01,1399.0,2599.0,1399.0,2599.0,6930.0,6058.0,0.0,1.0
B0B5Z93H74,2023-01-31,,,1299.0,1509.0,1504.0,,0.0,1.0
B0B5Z93H74,2023-02-01,1299.0,1509.0,1299.0,1509.0,1566.0,1504.0,0.0,1.0
B084KVSZZ4,2023-01-31,1509.0,1509.0,1509.0,1509.0,9396.0,,0.0,1.0
B084KVSZZ4,2023-02-01,1509.0,1509.0,1509.0,1509.0,10104.0,9396.0,0.0,1.0
B09NP78FFW,2023-01-31,,,939.0,1000.0,,,0.0,1.0
B09NP78FFW,2023-02-01,939.0,1000.0,939.0,1000.0,,,0.0,1.0
B08KQVWH88,2023-01-31,,,869.0,909.0,7556.0,,0.0,1.0
B08KQVWH88,2023-02-01,869.0,909.0,869.0,909.0,8412.0,7556.0,0.0,1.0
B08T23C5S7,2023-01-31,,,741.88,899.0,4502.0,,0.0,1.0
B08T23C5S7,2023-02-01,742.0,899.0,741.88,899.0,3894.0,4502.0,0.0,1.0
B0835916GG,2023-01-31,1600.0,1600.0,1600.0,1600.0,659.0,,0.0,1.0
B0835916GG,2023-02-01,1600.0,1600.0,1600.0,1600.0,329.0,659.0,0.0,1.0
B094YRP489,2023-01-31,,,784.0,784.0,7266.0,,0.0,1.0
B094YRP489,2023-02-01,784.0,784.0,784.0,784.0,8645.0,7266.0,0.0,1.0
B08358XSGT,2023-01-31,,,1299.0,1299.0,7658.0,,0.0,1.0
B08358XSGT,2023-02-01,1299.0,1299.0,1299.0,1299.0,8974.0,7658.0,0.0,1.0
B0B5ZFL7WM,2023-01-31,,,1599.0,1599.0,1146.0,,0.0,1.0
B0B5ZFL7WM,2023-02-01,1199.0,1599.0,1599.0,1599.0,1371.0,1146.0,0.0,1.0
B0957QHMHK,2023-01-31,,,989.0,989.0,11368.0,,0.0,1.0
B0957QHMHK,2023-02-01,989.0,989.0,989.0,989.0,3088.0,11368.0,0.0,1.0
B0957QPNBT,2023-01-31,,,2630.94,3179.0,3268.0,,0.0,1.0
B0957QPNBT,2023-02-01,2631.0,3179.0,2630.94,3179.0,4608.0,3268.0,0.0,1.0
B08T1JDY6X,2023-01-31,,,1399.0,1399.0,4563.0,,0.0,1.0
B08T1JDY6X,2023-02-01,1399.0,1399.0,1399.0,1399.0,3841.0,4563.0,0.0,1.0
B09BD297JB,2023-01-31,,,1968.97,2639.0,8477.0,,0.0,1.0
B09BD297JB,2023-02-01,1969.0,2639.0,1968.97,2639.0,3460.0,8477.0,0.0,1.0
B0B5ZFS3DT,2023-01-31,,,809.0,809.0,6914.0,,0.0,1.0
B0B5ZFS3DT,2023-02-01,809.0,809.0,809.0,809.0,7904.0,6914.0,0.0,1.0
B09BD123Z1,2023-01-31,,,3499.0,3499.0,6275.0,,0.0,1.0
B09BD123Z1,2023-02-01,3499.0,3499.0,3499.0,3499.0,7092.0,6275.0,0.0,1.0
B09GL57QDJ,2023-01-31,,,1279.05,1440.0,5386.0,,0.0,1.0
B09GL57QDJ,2023-02-01,1279.0,1440.0,1279.05,1440.0,5386.0,5386.0,0.0,1.0
B0B5ZBCLT6,2023-01-31,,,1779.0,3299.0,3630.0,,0.0,1.0
B0B5ZBCLT6,2023-02-01,1779.0,3299.0,1779.0,3299.0,5202.0,3630.0,0.0,1.0
B0835BGQK1,2023-01-31,1250.0,1250.0,1250.0,1250.0,6718.0,,0.0,1.0
B0835BGQK1,2023-02-01,1250.0,1250.0,1250.0,1250.0,7766.0,6718.0,0.0,1.0
B083YK9Q5C,2023-01-31,1007.0,1007.0,1007.0,1007.0,2267.0,,0.0,1.0
B083YK9Q5C,2023-02-01,1007.0,1007.0,1007.0,1007.0,4034.0,2267.0,0.0,1.0
B08359QWNP,2023-01-31,1440.0,1440.0,1440.0,1440.0,5910.0,,0.0,1.0
B08359QWNP,2023-02-01,1440.0,1440.0,1440.0,1440.0,6606.0,5910.0,0.0,1.0
B08WJCG8D4,2023-01-31,1181.0,1181.0,1181.0,1181.0,6811.0,,0.0,1.0
B08WJCG8D4,2023-02-01,1181.0,1181.0,1181.0,1181.0,8212.0,6811.0,0.0,1.0
B09QLG2417,2023-01-31,,,869.0,1146.0,4986.0,,0.0,1.0
B09QLG2417,2023-02-01,869.0,1146.0,869.0,1146.0,6332.0,4986.0,0.0,1.0
B099NBTRBD,2023-01-31,,,1949.0,2399.0,1838.0,,0.0,1.0
B099NBTRBD,2023-02-01,1949.0,2174.0,1949.0,2399.0,1794.0,1838.0,0.0,1.0
B083YKPW4B,2023-01-31,,,939.0,1125.0,3130.0,,0.0,1.0
B083YKPW4B,2023-02-01,939.0,1312.0,939.0,1125.0,4090.0,3130.0,0.0,1.0
B09M667SSJ,2023-01-31,,,919.0,1999.0,1777.0,,0.0,1.0
B09M667SSJ,2023-02-01,919.0,1999.0,919.0,1999.0,3111.0,1777.0,0.0,1.0
B08WJ8MQHZ,2023-01-31,,,1064.0,1151.0,4152.0,,0.0,1.0
B08WJ8MQHZ,2023-02-01,1064.0,1151.0,1064.0,1151.0,4022.0,4152.0,0.0,1.0
B07NBD93PZ,2023-01-31,,,627.91,627.91,10678.0,,0.0,1.0
B07NBD93PZ,2023-02-01,628.0,628.0,627.91,627.91,11661.0,10678.0,0.0,1.0
B08FD46ZTN,2023-01-31,,,557.98,689.0,4413.0,,0.0,1.0
B08FD46ZTN,2023-02-01,558.0,689.0,557.98,689.0,5576.0,4413.0,0.0,1.0
B0968ZF361,2023-01-31,,,719.0,719.0,26157.0,,0.0,1.0
B0968ZF361,2023-02-01,719.0,719.0,719.0,719.0,3620.0,26157.0,0.0,1.0
B082NWW8TB,2023-01-31,669.0,669.0,669.0,669.0,7760.0,,0.0,1.0
B082NWW8TB,2023-02-01,669.0,669.0,669.0,669.0,8840.0,7760.0,0.0,1.0
B09VSQ2F75,2023-01-31,,,819.0,869.0,4754.0,,0.0,1.0
B09VSQ2F75,2023-02-01,819.0,869.0,819.0,869.0,5664.0,4754.0,0.0,1.0
B09FM3BHNC,2023-01-31,,,924.01,1219.0,,,0.0,1.0
B09FM3BHNC,2023-02-01,924.0,1219.0,924.01,1219.0,,,0.0,1.0
B07LDQ2JP4,2023-01-31,,,509.0,849.0,8934.0,,0.0,1.0
B07LDQ2JP4,2023-02-01,509.0,849.0,509.0,849.0,9780.0,8934.0,0.0,1.0
B083YL3DYJ,2023-01-31,,,649.0,750.0,641.0,,0.0,1.0
B083YL3DYJ,2023-02-01,649.0,750.0,649.0,750.0,751.0,641.0,0.0,1.0
B09VSQHMWV,2023-01-31,,,869.0,959.0,5064.0,,0.0,1.0
B09VSQHMWV,2023-02-01,869.0,959.0,869.0,959.0,3468.0,5064.0,0.0,1.0
B01I1V5C5C,2023-01-31,,,1649.0,1649.0,8336.0,,0.0,1.0
B01I1V5C5C,2023-02-01,1484.0,1484.0,1649.0,1649.0,6024.0,8336.0,0.0,1.0
B09HZTJ1HN,2023-01-31,,,689.0,989.0,4493.0,,0.0,1.0
B09HZTJ1HN,2023-02-01,689.0,989.0,689.0,989.0,5548.0,4493.0,0.0,1.0
B09QL2XTBH,2023-01-31,,,919.0,1999.0,8295.0,,0.0,1.0
B09QL2XTBH,2023-02-01,919.0,1499.0,919.0,1999.0,9232.0,8295.0,0.0,1.0
B09QL41S4G,2023-01-31,,,899.0,1313.0,5388.0,,0.0,1.0
B09QL41S4G,2023-02-01,899.0,1313.0,899.0,1313.0,6436.0,5388.0,0.0,1.0
B083YL4CX2,2023-01-31,,,639.0,761.0,7559.0,,0.0,1.0
B083YL4CX2,2023-02-01,639.0,761.0,639.0,761.0,8276.0,7559.0,0.0,1.0
B07J9RWFDS,2023-01-31,1799.0,1799.0,1799.0,1799.0,8609.0,,0.0,1.0
B07J9RWFDS,2023-02-01,1799.0,1799.0,1799.0,1799.0,8609.0,8609.0,0.0,1.0
B0B5ZF5GHM,2023-01-31,1800.0,1800.0,1800.0,1800.0,3560.0,,0.0,1.0
B0B5ZF5GHM,2023-02-01,1800.0,1800.0,1800.0,1800.0,3560.0,3560.0,0.0,1.0
B09CL56BWC,2023-01-31,,,627.0,779.0,3939.0,,0.0,1.0
B09CL56BWC,2023-02-01,627.0,779.0,627.0,779.0,5508.0,3939.0,0.0,1.0
B09CH1F8FD,2023-01-31,,,1279.05,1350.0,2256.0,,0.0,1.0
B09CH1F8FD,2023-02-01,1279.0,1350.0,1279.05,1350.0,4058.0,2256.0,0.0,1.0
B09VSRD66W,2023-01-31,,,869.0,1139.0,8103.0,,0.0,1.0
B09VSRD66W,2023-02-01,869.0,1139.0,869.0,1139.0,9379.0,8103.0,0.0,1.0
B09NPBVS3B,2023-01-31,,,833.9,999.0,6957.0,,0.0,1.0
B09NPBVS3B,2023-02-01,834.0,999.0,833.9,999.0,8066.0,6957.0,0.0,1.0
B083YKPKLL,2023-01-31,,,689.0,1049.0,260.0,,0.0,1.0
B083YKPKLL,2023-02-01,689.0,1049.0,689.0,1049.0,174.0,260.0,0.0,1.0
B09CH2YVFM,2023-01-31,683.0,683.0,683.0,949.0,6663.0,,0.0,1.0
B09CH2YVFM,2023-02-01,683.0,816.0,683.0,949.0,7592.0,6663.0,0.0,1.0
B083YKN6DK,2023-01-31,855.0,855.0,855.0,855.0,3394.0,,0.0,1.0
B083YKN6DK,2023-02-01,855.0,855.0,855.0,855.0,4662.0,3394.0,0.0,1.0
B09HZT9KK9,2023-01-31,,,645.85,1499.0,4922.0,,0.0,1.0
B09HZT9KK9,2023-02-01,646.0,1499.0,645.85,1499.0,5931.0,4922.0,0.0,1.0
B07JCQQ7KY,2023-01-31,949.0,949.0,949.0,1499.0,7758.0,,0.0,1.0
B07JCQQ7KY,2023-02-01,949.0,1224.0,949.0,1499.0,8739.0,7758.0,0.0,1.0
B09CGZL3BS,2023-01-31,,,719.26,829.0,4673.0,,0.0,1.0
B09CGZL3BS,2023-02-01,719.0,829.0,719.26,829.0,5938.0,4673.0,0.0,1.0
B09DPZY2GS,2023-01-31,,,759.0,1019.0,7855.0,,0.0,1.0
B09DPZY2GS,2023-02-01,759.0,1019.0,759.0,1019.0,9162.0,7855.0,0.0,1.0
B09QKPC2VL,2023-01-31,,,1859.0,1859.0,7222.0,,0.0,1.0
B09QKPC2VL,2023-02-01,1859.0,1859.0,1859.0,1859.0,8340.0,7222.0,0.0,1.0
B083YKV9CV,2023-01-31,,,789.0,849.0,8510.0,,0.0,1.0
B083YKV9CV,2023-02-01,789.0,819.0,789.0,849.0,9470.0,8510.0,0.0,1.0
B09VSR5GPB,2023-01-31,,,1219.0,1499.0,5589.0,,0.0,1.0
B09VSR5GPB,2023-02-01,1219.0,1499.0,1219.0,1499.0,6694.0,5589.0,0.0,1.0
B083YK9Q68,2023-01-31,,,689.0,750.0,700.0,,0.0,1.0
B083YK9Q68,2023-02-01,689.0,750.0,689.0,750.0,708.0,700.0,0.0,1.0
B083YL4MDR,2023-01-31,,,449.0,749.0,450.0,,0.0,1.0
B083YL4MDR,2023-02-01,449.0,749.0,449.0,749.0,596.0,450.0,0.0,1.0
B08SWCGZY6,2023-01-31,,,591.49,800.0,3906.0,,0.0,1.0
B08SWCGZY6,2023-02-01,591.0,800.0,591.49,800.0,5516.0,3906.0,0.0,1.0
B083YKXJ6Y,2023-01-31,,,669.0,849.0,5608.0,,0.0,1.0
B083YKXJ6Y,2023-02-01,669.0,849.0,669.0,849.0,6674.0,5608.0,0.0,1.0
B09CL6K9VJ,2023-01-31,,,664.66,777.07,5080.0,,0.0,1.0
B09CL6K9VJ,2023-02-01,665.0,777.0,664.66,777.07,6828.0,5080.0,0.0,1.0
B08SWBZ6D4,2023-01-31,,,739.0,863.0,1652.0,,0.0,1.0
B08SWBZ6D4,2023-02-01,739.0,863.0,739.0,863.0,2909.0,1652.0,0.0,1.0
B09ZBFRKR1,2023-01-31,,,635.0,635.0,2464.0,,0.0,1.0
B09ZBFRKR1,2023-02-01,635.0,635.0,635.0,635.0,2712.0,2464.0,0.0,1.0
B083YKDFL2,2023-01-31,,,1024.81,1108.81,7965.0,,0.0,1.0
B083YKDFL2,2023-02-01,1025.0,1109.0,1024.81,1108.81,9320.0,7965.0,0.0,1.0
B09CH1TD6B,2023-01-31,,,675.14,999.0,4926.0,,0.0,1.0
B09CH1TD6B,2023-02-01,675.0,999.0,675.14,999.0,5898.0,4926.0,0.0,1.0
B08SW4KHCH,2023-01-31,,,739.0,1279.0,7742.0,,0.0,1.0
B08SW4KHCH,2023-02-01,739.0,1279.0,739.0,1279.0,8942.0,7742.0,0.0,1.0
B083YLB65B,2023-01-31,,,679.0,725.13,9972.0,,0.0,1.0
B083YLB65B,2023-02-01,679.0,725.0,679.0,725.13,6652.0,9972.0,0.0,1.0
B09CH2VZHG,2023-01-31,,,717.7,899.59,6622.0,,0.0,1.0
B09CH2VZHG,2023-02-01,718.0,900.0,717.7,899.59,7830.0,6622.0,0.0,1.0
B083YL77JQ,2023-01-31,,,436.25,679.0,6092.0,,0.0,1.0
B083YL77JQ,2023-02-01,436.0,679.0,436.25,679.0,4851.0,6092.0,0.0,1.0
B08T17GMY5,2023-01-31,2159.0,2159.0,2159.0,2159.0,608.0,,0.0,1.0
B08T17GMY5,2023-02-01,2159.0,2159.0,2159.0,2159.0,733.0,608.0,0.0,1.0
B09C6LMC85,2023-01-31,,,2669.0,2679.0,649.0,,0.0,1.0
B09C6LMC85,2023-02-01,2669.0,2679.0,2669.0,2679.0,573.0,649.0,0.0,1.0
B08T24VD66,2023-01-31,,,1333.67,1619.0,504.0,,0.0,1.0
B08T24VD66,2023-02-01,1334.0,1619.0,1333.67,1619.0,654.0,504.0,0.0,1.0
B08T1K7WJ1,2023-01-31,2068.0,2068.0,2068.0,2068.0,1365.0,,0.0,1.0
B08T1K7WJ1,2023-02-01,2068.0,2068.0,2068.0,2068.0,1408.0,1365.0,0.0,1.0
B09QH22NLW,2023-01-31,,,2249.25,2747.0,4444.0,,0.0,1.0
B09QH22NLW,2023-02-01,2249.0,2747.0,2249.25,2747.0,4521.0,4444.0,0.0,1.0
B08359K3BH,2023-01-31,,,1620.65,1800.0,1298.0,,0.0,1.0
B08359K3BH,2023-02-01,1621.0,1800.0,1620.65,1800.0,1360.0,1298.0,0.0,1.0
B09NP4PG1F,2023-01-31,,,1713.76,2159.0,513.0,,0.0,1.0
B09NP4PG1F,2023-02-01,1714.0,3079.0,1713.76,2159.0,647.0,513.0,0.0,1.0
B09NP86G7Y,2023-01-31,,,1843.14,2271.0,6229.0,,0.0,1.0
B09NP86G7Y,2023-02-01,1843.0,2271.0,1843.14,2271.0,7598.0,6229.0,0.0,1.0
B09NTR5KQ2,2023-01-31,,,1889.0,1889.0,934.0,,0.0,1.0
B09NTR5KQ2,2023-02-01,1889.0,1889.0,1889.0,1889.0,1022.0,934.0,0.0,1.0
B09BCZT25P,2023-01-31,3169.0,3169.0,3169.0,3169.0,5868.0,,0.0,1.0
B09BCZT25P,2023-02-01,3169.0,3169.0,3169.0,3169.0,6790.0,5868.0,0.0,1.0
B09NP714RH,2023-01-31,,,2964.18,3749.0,3697.0,,0.0,1.0
B09NP714RH,2023-02-01,2964.0,3749.0,2964.18,3749.0,5030.0,3697.0,0.0,1.0
B09NTQXJY7,2023-01-31,,,2049.0,2159.0,913.0,,0.0,1.0
B09NTQXJY7,2023-02-01,2049.0,2159.0,2049.0,2159.0,1349.0,913.0,0.0,1.0
B08G2BN4MP,2023-01-31,,,1849.0,1919.0,1142.0,,0.0,1.0
B08G2BN4MP,2023-02-01,1849.0,1919.0,1849.0,1919.0,451.0,1142.0,0.0,1.0
B08T15KKFQ,2023-01-31,,,2139.0,2159.0,240.0,,0.0,1.0
B08T15KKFQ,2023-02-01,2139.0,2159.0,2139.0,2159.0,379.0,240.0,0.0,1.0
B083594VBT,2023-01-31,,,3069.0,3250.0,732.0,,0.0,1.0
B083594VBT,2023-02-01,3069.0,3250.0,3069.0,3250.0,754.0,732.0,0.0,1.0
B09NP726YR,2023-01-31,,,1400.0,2799.0,6524.0,,0.0,1.0
B09NP726YR,2023-02-01,1400.0,2799.0,1400.0,2799.0,7564.0,6524.0,0.0,1.0
B08T23192S,2023-01-31,,,1779.0,1779.0,894.0,,0.0,1.0
B08T23192S,2023-02-01,1779.0,1779.0,1779.0,1779.0,967.0,894.0,0.0,1.0
B09NP7KLMP,2023-01-31,2689.0,2689.0,2497.0,4995.0,4784.0,,0.0,1.0
B09NP7KLMP,2023-02-01,2593.0,3842.0,2497.0,4995.0,6047.0,4784.0,0.0,1.0
B083597D9V,2023-01-31,1799.0,1799.0,1799.0,1799.0,923.0,,0.0,1.0
B083597D9V,2023-02-01,1799.0,1799.0,1799.0,1799.0,1025.0,923.0,0.0,1.0
B08359CFWH,2023-01-31,,,3139.0,3309.0,1322.0,,0.0,1.0
B08359CFWH,2023-02-01,3139.0,3309.0,3139.0,3309.0,1358.0,1322.0,0.0,1.0
B09HM99C6F,2023-01-31,,,1424.92,1899.0,990.0,,0.0,1.0
B09HM99C6F,2023-02-01,1425.0,1899.0,1424.92,1899.0,1082.0,990.0,0.0,1.0
B09S6M1WVS,2023-01-31,,,2663.76,2997.0,,,0.0,1.0
B09S6M1WVS,2023-02-01,2664.0,3124.0,2663.76,2997.0,,,0.0,1.0
B08T1X7JQD,2023-01-31,,,2429.0,2429.0,718.0,,0.0,1.0
B08T1X7JQD,2023-02-01,2429.0,2429.0,2429.0,2429.0,817.0,718.0,0.0,1.0
B08G2BVDR7,2023-01-31,,,1558.53,1799.0,180.0,,0.0,1.0
B08G2BVDR7,2023-02-01,1559.0,1799.0,1558.53,1799.0,162.0,180.0,0.0,1.0
B09QH1R85P,2023-01-31,,,1872.92,2000.0,23840.0,,0.0,1.0
B09QH1R85P,2023-02-01,1873.0,2000.0,1872.92,2000.0,24318.0,23840.0,0.0,1.0
B08359QWD7,2023-01-31,1560.0,1560.0,1560.0,1560.0,267.0,,0.0,1.0
B08359QWD7,2023-02-01,1560.0,1560.0,1560.0,1560.0,266.0,267.0,0.0,1.0
B0835BC683,2023-01-31,1979.0,1979.0,1979.0,1979.0,688.0,,0.0,1.0
B0835BC683,2023-02-01,1979.0,1979.0,1979.0,1979.0,745.0,688.0,0.0,1.0
B098XFGM62,2023-01-31,,,1749.0,1749.0,1142.0,,0.0,1.0
B098XFGM62,2023-02-01,1749.0,1749.0,1749.0,1749.0,1239.0,1142.0,0.0,1.0
B08KQTK4HP,2023-01-31,,,1749.0,1829.0,1140.0,,0.0,1.0
B08KQTK4HP,2023-02-01,1749.0,1829.0,1749.0,1829.0,1186.0,1140.0,0.0,1.0
B08358W4MP,2023-01-31,,,1849.0,1909.0,596.0,,0.0,1.0
B08358W4MP,2023-02-01,1849.0,1909.0,1849.0,1909.0,707.0,596.0,0.0,1.0
B09NTR5C59,2023-01-31,,,1779.0,3299.0,4082.0,,0.0,1.0
B09NTR5C59,2023-02-01,1779.0,3299.0,1779.0,3299.0,1774.0,4082.0,0.0,1.0
B09FZQ3WKT,2023-01-31,,,2228.62,2909.0,1138.0,,0.0,1.0
B09FZQ3WKT,2023-02-01,2229.0,2909.0,2228.62,2909.0,1197.0,1138.0,0.0,1.0
B09QH2SN27,2023-01-31,,,1439.0,1689.0,540.0,,0.0,1.0
B09QH2SN27,2023-02-01,1439.0,1689.0,1439.0,1689.0,656.0,540.0,0.0,1.0
B098XFSSYD,2023-01-31,,,1799.0,1799.0,1258.0,,0.0,1.0
B098XFSSYD,2023-02-01,1799.0,1799.0,1799.0,1799.0,1334.0,1258.0,0.0,1.0
B08359X7C4,2023-01-31,,,1920.0,2149.0,718.0,,0.0,1.0
B08359X7C4,2023-02-01,1920.0,2149.0,1920.0,2149.0,772.0,718.0,0.0,1.0
B083594BXL,2023-01-31,,,2539.0,2789.0,832.0,,0.0,1.0
B083594BXL,2023-02-01,2539.0,2789.0,2539.0,2789.0,875.0,832.0,0.0,1.0
B08KQWJ76X,2023-01-31,,,1108.81,1559.0,530.0,,0.0,1.0
B08KQWJ76X,2023-02-01,1109.0,1429.0,1108.81,1559.0,422.0,530.0,0.0,1.0
B09BD1TV2F,2023-01-31,,,3169.0,3169.0,1126.0,,0.0,1.0
B09BD1TV2F,2023-02-01,3169.0,3169.0,3169.0,3169.0,1226.0,1126.0,0.0,1.0
B08359QWF7,2023-01-31,,,2131.37,2497.0,1154.0,,0.0,1.0
B08359QWF7,2023-02-01,2131.0,2497.0,2131.37,2497.0,1222.0,1154.0,0.0,1.0
B09FZPDWM2,2023-01-31,,,2899.0,3229.0,704.0,,0.0,1.0
B09FZPDWM2,2023-02-01,2899.0,3229.0,2899.0,3229.0,840.0,704.0,0.0,1.0
B0835934M9,2023-01-31,,,3095.15,3759.0,298.0,,0.0,1.0
B0835934M9,2023-02-01,3095.0,3759.0,3095.15,3759.0,464.0,298.0,0.0,1.0
B07V5GD43Y,2023-01-31,1339.0,1339.0,1339.0,1339.0,660.0,,0.0,1.0
B07V5GD43Y,2023-02-01,1339.0,1339.0,1339.0,1339.0,742.0,660.0,0.0,1.0
B08359TS9P,2023-01-31,,,2549.0,2549.0,,,0.0,1.0
B08359TS9P,2023-02-01,2549.0,2549.0,2549.0,2549.0,,,0.0,1.0
B08T1QRRDM,2023-01-31,,,2093.89,2499.0,402.0,,0.0,1.0
B08T1QRRDM,2023-02-01,2094.0,2499.0,2093.89,2499.0,388.0,402.0,0.0,1.0
B08ZHXYQNR,2023-01-31,1999.0,1999.0,1999.0,1999.0,231.0,,0.0,1.0
B08ZHXYQNR,2023-02-01,1999.0,1999.0,1999.0,1999.0,282.0,231.0,0.0,1.0
B08T1YLHY8,2023-01-31,,,1528.11,1528.11,1436.0,,0.0,1.0
B08T1YLHY8,2023-02-01,1528.0,1528.0,1528.11,1528.11,953.0,1436.0,0.0,1.0
B09GNL7RYW,2023-01-31,,,1279.05,1713.0,4536.0,,0.0,1.0
B09GNL7RYW,2023-02-01,1279.0,1713.0,1279.05,1713.0,4548.0,4536.0,0.0,1.0
B08C3BHV3T,2023-01-31,9749.0,9749.0,9749.0,9749.0,3000.0,,0.0,1.0
B08C3BHV3T,2023-02-01,9749.0,9749.0,9749.0,9749.0,3011.0,3000.0,0.0,1.0
B08C35GCRT,2023-01-31,,,5589.0,5929.0,1789.0,,0.0,1.0
B08C35GCRT,2023-02-01,5589.0,5929.0,5589.0,5929.0,1873.0,1789.0,0.0,1.0
B07TYLMC7V,2023-01-31,,,2549.0,2549.0,3504.0,,0.0,1.0
B07TYLMC7V,2023-02-01,2549.0,2549.0,2549.0,2549.0,3513.0,3504.0,0.0,1.0
B08C35D2PV,2023-01-31,9429.0,9429.0,9429.0,9429.0,3894.0,,0.0,1.0
B08C35D2PV,2023-02-01,9429.0,9429.0,9429.0,9429.0,3897.0,3894.0,0.0,1.0
B07TWFDTSR,2023-01-31,,,1779.0,1999.0,1607.0,,0.0,1.0
B07TWFDTSR,2023-02-01,1779.0,1999.0,1779.0,1999.0,1619.0,1607.0,0.0,1.0
B0822RM84G,2023-01-31,,,2365.0,2999.0,196.0,,0.0,1.0
B0822RM84G,2023-02-01,2365.0,2999.0,2365.0,2999.0,258.0,196.0,0.0,1.0
B08HT68THP,2023-01-31,,,1759.0,1829.0,2505.0,,0.0,1.0
B08HT68THP,2023-02-01,1759.0,1829.0,1759.0,1829.0,2520.0,2505.0,0.0,1.0
B084CJMHZ7,2023-01-31,,,1849.0,2119.0,803.0,,0.0,1.0
B084CJMHZ7,2023-02-01,1849.0,2119.0,1849.0,2119.0,864.0,803.0,0.0,1.0
B09GNLXPB9,2023-01-31,,,1066.25,1219.0,28053.0,,0.0,1.0
B09GNLXPB9,2023-02-01,1066.0,1219.0,1066.25,1219.0,28374.0,28053.0,0.0,1.0
B09GNM1V1R,2023-01-31,1469.0,1469.0,1469.0,1469.0,21778.0,,0.0,1.0
B09GNM1V1R,2023-02-01,1469.0,1469.0,1469.0,1469.0,22203.0,21778.0,0.0,1.0
B08C39JPXJ,2023-01-31,,,3899.0,3899.0,2567.0,,0.0,1.0
B08C39JPXJ,2023-02-01,3899.0,3899.0,3899.0,3899.0,2628.0,2567.0,0.0,1.0
B07SVNJ877,2023-01-31,,,4239.0,4239.0,1334.0,,0.0,1.0
B07SVNJ877,2023-02-01,4239.0,4239.0,4239.0,4239.0,546.0,1334.0,0.0,1.0
B07SWSQNR6,2023-01-31,,,5549.0,5549.0,4671.0,,0.0,1.0
B07SWSQNR6,2023-02-01,5549.0,5549.0,5549.0,5549.0,4671.0,4671.0,0.0,1.0
B084CJS3DQ,2023-01-31,,,1949.0,2249.0,4724.0,,0.0,1.0
B084CJS3DQ,2023-02-01,1949.0,2249.0,1949.0,2249.0,4766.0,4724.0,0.0,1.0
B08HTCSJTS,2023-01-31,1669.0,1669.0,1669.0,1669.0,3692.0,,0.0,1.0
B08HTCSJTS,2023-02-01,1669.0,1669.0,1669.0,1669.0,3692.0,3692.0,0.0,1.0
